"3","1765836545189-325534624-2",\N,"1765649478569-891341182","1765736034578-1005852192","2","93ml","33","33","33","33","33","33","33","33","evening","active","2025-12-16 01:09:16","2025-12-16 01:09:16"
"5","1765904123129-279143255-1",\N,"1765649478569-891341182","1765764384562-1005852192","1","5.00l","0","0","0","0","0","0","0","0","morning","active","2025-12-16 20:23:05","2025-12-16 20:23:05"
"6","1765904208598-1072486652-1",\N,"1765649478569-891341182","1765765924324-181506292","1","3.5l","0","0","0","0","0","0","0","0","morning","active","2025-12-16 20:23:05","2025-12-16 20:23:05"
"7","1765904265488-526207589-1",\N,"1765649478569-891341182","1765738482933-1005852192","1","2.00l","0","0","0","0","0","0","0","0","morning","active","2025-12-16 20:23:05","2025-12-16 20:23:05"
"8","1765904320559-674806673-1",\N,"1765649478569-891341182","1765738301735-1005852192","1","1.5l","0","0","0","0","0","0","0","0","morning","active","2025-12-16 20:23:05","2025-12-16 20:23:05"
"9","1765904440526-499777460-1",\N,"1765649478569-891341182","1765737750060-1005852192","1","2.5l","0","0","0","0","0","0","0","0","morning","active","2025-12-16 20:23:05","2025-12-16 20:23:05"
"10","1765904486252-748017357-1",\N,"1765649478569-891341182","1765737612501-1005852192","1","3.00l","0","0","0","0","0","0","0","0","morning","active","2025-12-16 20:23:05","2025-12-16 20:23:05"
"11","1765904543790-820205887-1",\N,"1765649478569-891341182","1765736227116-1005852192","1","2.00l","0","0","0","0","0","0","0","0","morning","active","2025-12-16 20:23:05","2025-12-16 20:23:05"
"12","1765904662661-545878703-1",\N,"1765649478569-891341182","1765736612497-1005852192","1","2.5l","0","0","0","0","0","0","0","0","morning","active","2025-12-16 20:23:05","2025-12-16 20:23:05"
"13","1765905009667-178418082-1",\N,"1765649478569-891341182","1765736803268-1005852192","1","2.5l","0","0","0","0","0","0","0","0","morning","active","2025-12-16 20:23:05","2025-12-16 20:23:05"
"14","1765905072614-105408125-1",\N,"1765649478569-891341182","1765737474297-1005852192","1","2.5l","0","0","0","0","0","0","0","0","morning","active","2025-12-16 20:23:05","2025-12-16 20:23:05"
"15","1765905150658-304433647-1",\N,"1765649478569-891341182","1765737142511-1005852192","1","2.5l","0","0","0","0","0","0","0","0","morning","active","2025-12-16 20:23:05","2025-12-16 20:23:05"
"16","1765905213940-517287950-1",\N,"1765649478569-891341182","1765737336206-1005852192","1","2.00l","0","0","0","0","0","0","0","0","morning","active","2025-12-16 20:23:05","2025-12-16 20:23:05"
"17","1765911076754-677385686-2",\N,"1765649478569-891341182","1765765559320-1005852192","2","5l",\N,\N,\N,\N,\N,\N,\N,\N,"morning","active","2025-12-16 21:51:32","2025-12-16 21:51:32"
"18","1765910919426-936242801-1",\N,"1765649478569-891341182","1765907213619-1005852192","1","3.00l","0","0","0","0","0","0","0","0","morning","active","2025-12-17 04:37:25","2025-12-17 04:37:25"
"19","1765935068113-936242801-1",\N,"1765649478569-891341182","1765907213619-1005852192","1","2.00l","0","0","0","0","0","0","0","0","evening","active","2025-12-17 04:37:25","2025-12-17 04:37:25"
"20","1765910987505-1072486652-1",\N,"1765649478569-891341182","1765765924324-181506292","1","2.5l","0","0","0","0","0","0","0","0","evening","active","2025-12-17 04:37:25","2025-12-17 04:37:25"
"21","1765911096345-279143255-1",\N,"1765649478569-891341182","1765764384562-1005852192","1","3.5l","0","0","0","0","0","0","0","0","evening","active","2025-12-17 04:37:25","2025-12-17 04:37:25"
"22","1765911162182-526207589-1",\N,"1765649478569-891341182","1765738482933-1005852192","1","1.5l","0","0","0","0","0","0","0","0","evening","active","2025-12-17 04:37:25","2025-12-17 09:14:21"
"23","1765911247526-674806673-1",\N,"1765649478569-891341182","1765738301735-1005852192","1","1.5l","0","0","0","0","0","0","0","0","evening","active","2025-12-17 04:37:25","2025-12-17 04:37:25"
"24","1765911313435-516599508-1",\N,"1765649478569-891341182","1765738128976-1005852192","1","1.5l","0","0","0","0","0","0","0","0","evening","active","2025-12-17 04:37:25","2025-12-17 04:37:25"
"25","1765911384063-499777460-1",\N,"1765649478569-891341182","1765737750060-1005852192","1","1.5l","0","0","0","0","0","0","0","0","evening","active","2025-12-17 04:37:25","2025-12-17 04:37:25"
"26","1765911450048-748017357-1",\N,"1765649478569-891341182","1765737612501-1005852192","1","2.00l","0","0","0","0","0","0","0","0","evening","active","2025-12-17 04:37:25","2025-12-17 04:37:25"
"27","1765911512721-105408125-1",\N,"1765649478569-891341182","1765737474297-1005852192","1","2.00l","0","0","0","0","0","0","0","0","evening","active","2025-12-17 04:37:25","2025-12-17 04:37:25"
"28","1765911606147-304433647-1",\N,"1765649478569-891341182","1765737142511-1005852192","1","2.00l","0","0","0","0","0","0","0..-",\N,"evening","active","2025-12-17 04:37:25","2025-12-17 04:37:25"
"29","1765911757916-517287950-1",\N,"1765649478569-891341182","1765737336206-1005852192","1","2.00l","0","0","0","0","0","0","0",\N,"evening","active","2025-12-17 04:37:25","2025-12-17 04:37:25"
"30","1765935144058-820205887-1",\N,"1765649478569-891341182","1765736227116-1005852192","1","2.00l","0","0","0","0","0","0","0",\N,"evening","active","2025-12-17 04:37:25","2025-12-17 04:37:25"
"31","1765935214331-545878703-1",\N,"1765649478569-891341182","1765736612497-1005852192","1","1.00l","0","0","0","0","0","0","0",\N,"evening","active","2025-12-17 04:37:25","2025-12-17 04:37:25"
"32","1765935275133-178418082-1",\N,"1765649478569-891341182","1765736803268-1005852192","1","2.00l","0","0","0","0","0","0","0",\N,"evening","active","2025-12-17 04:37:25","2025-12-17 04:37:25"
"34","1765948430937-936242801-1",\N,"1765649478569-891341182","1765907213619-1005852192","1","2.5l","0","0","0","0","0","0","0",\N,"morning","active","2025-12-17 08:15:53","2025-12-17 08:15:53"
"35","1765945894437-1072486652-1",\N,"1765649478569-891341182","1765765924324-181506292","1","3.00l","0","0","0","0","0","0","0",\N,"morning","active","2025-12-17 08:15:53","2025-12-17 08:15:53"
"36","1765945938591-279143255-1",\N,"1765649478569-891341182","1765764384562-1005852192","1","5.00l","0","0","0","0","0","0","0",\N,"morning","active","2025-12-17 08:15:53","2025-12-17 08:15:53"
"37","1765945993676-526207589-1",\N,"1765649478569-891341182","1765738482933-1005852192","1","2.00l","0","0","0","0","0","0","0",\N,"morning","active","2025-12-17 08:15:53","2025-12-17 08:15:53"
"38","1765946041866-674806673-1",\N,"1765649478569-891341182","1765738301735-1005852192","1","2.00l","0","0","0","0","0","0","0",\N,"morning","active","2025-12-17 08:15:53","2025-12-17 08:15:53"
"39","1765946291552-499777460-1",\N,"1765649478569-891341182","1765737750060-1005852192","1","2.5l","0","0","0","0","0","0","0","0","morning","active","2025-12-17 08:15:53","2025-12-17 08:15:53"
"40","1765946349959-748017357-1",\N,"1765649478569-891341182","1765737612501-1005852192","1","2.5l","0","0","0","0","0","0","0",\N,"morning","active","2025-12-17 08:15:53","2025-12-17 08:15:53"
"41","1765948161986-105408125-1",\N,"1765649478569-891341182","1765737474297-1005852192","1","2.00l","0","0","0","0","0","0","0",\N,"morning","active","2025-12-17 08:15:53","2025-12-17 08:15:53"
"42","1765948206785-517287950-1",\N,"1765649478569-891341182","1765737336206-1005852192","1","2.00l","0","0","0","0","0","0","0",\N,"morning","active","2025-12-17 08:15:53","2025-12-17 08:15:53"
"43","1765948248081-304433647-1",\N,"1765649478569-891341182","1765737142511-1005852192","1","2.00l","0","0","0","0","0","0","0",\N,"morning","active","2025-12-17 08:15:53","2025-12-17 08:15:53"
"44","1765948296416-178418082-1",\N,"1765649478569-891341182","1765736803268-1005852192","1","2.5l","0","0","0","0","0","0","0",\N,"morning","active","2025-12-17 08:15:53","2025-12-17 08:15:53"
"45","1765948348337-545878703-1",\N,"1765649478569-891341182","1765736612497-1005852192","1","2.00l","0","0","0","0","0","0","0",\N,"morning","active","2025-12-17 08:15:53","2025-12-17 08:15:53"
"46","1765948388471-820205887-1",\N,"1765649478569-891341182","1765736227116-1005852192","1","2.00l","0","0","0","0","0","0","0",\N,"morning","active","2025-12-17 08:15:53","2025-12-17 08:15:53"
"47","1765978154350-279143255-1",\N,"1765649478569-891341182","1765764384562-1005852192","1","3.5l","0","0","0","0","0","0","0",\N,"evening","active","2025-12-17 17:04:06","2025-12-17 17:04:06"
"48","1765978198087-820205887-1",\N,"1765649478569-891341182","1765736227116-1005852192","1","2.00l","0","0","0","0","0","0","0",\N,"evening","active","2025-12-17 17:04:06","2025-12-17 17:04:06"
"49","1765978254175-516599508-1",\N,"1765649478569-891341182","1765738128976-1005852192","1","1.5l","0","0","0","0","0","0","0",\N,"evening","active","2025-12-17 17:04:06","2025-12-17 17:04:06"
"50","1765978321270-1072486652-1",\N,"1765649478569-891341182","1765765924324-181506292","1","2.5l","0","0","0","0","0","0","0",\N,"evening","active","2025-12-17 17:04:06","2025-12-17 17:04:06"
"51","1765978504837-178418082-1",\N,"1765649478569-891341182","1765736803268-1005852192","1","1.5l","0","0","0","0","0","0","0",\N,"evening","active","2025-12-17 17:04:06","2025-12-17 17:04:06"
"52","1765978572401-936242801-1",\N,"1765649478569-891341182","1765907213619-1005852192","1","2.00l","0","0","0","0","0","0","0","0","evening","active","2025-12-17 17:04:06","2025-12-17 17:04:06"
"53","1765978884348-304433647-1",\N,"1765649478569-891341182","1765737142511-1005852192","1","2.00l","0","0","0","0","0","0","0","0","evening","active","2025-12-17 17:04:06","2025-12-17 17:04:06"
"54","1765978988999-105408125-1",\N,"1765649478569-891341182","1765737474297-1005852192","1","2.00l","0","0","0","0","0","0","0","0","evening","active","2025-12-17 17:04:06","2025-12-17 17:04:06"
"55","1765979215777-674806673-1",\N,"1765649478569-891341182","1765738301735-1005852192","1","1.00l","0","0","0","0","0","0","0","0","evening","active","2025-12-17 17:04:06","2025-12-17 17:04:06"
"56","1765979452861-499777460-1",\N,"1765649478569-891341182","1765737750060-1005852192","1","2.00l","0","0","0","0","0","0","0","0","evening","active","2025-12-17 17:04:06","2025-12-17 17:04:06"
"57","1765979713082-748017357-1",\N,"1765649478569-891341182","1765737612501-1005852192","1","2.00l","0","0","0","0","0","0","0",\N,"evening","active","2025-12-17 17:04:06","2025-12-17 17:04:06"
"58","1765980066383-526207589-1",\N,"1765649478569-891341182","1765738482933-1005852192","1","1.5l","0","0","0","0","0","0","0","0","evening","active","2025-12-17 17:04:06","2025-12-17 17:04:06"
"59","1766027050165-279143255-1",\N,"1765649478569-891341182","1765764384562-1005852192","1","4.5l","0","0","0","0","0","0","0",\N,"morning","active","2025-12-18 06:51:23","2025-12-18 06:51:23"
"60","1766027091477-820205887-1",\N,"1765649478569-891341182","1765736227116-1005852192","1","2.5l","0","0","0","0","0","0","0",\N,"morning","active","2025-12-18 06:51:23","2025-12-18 06:51:23"
"61","1766027210691-304433647-1",\N,"1765649478569-891341182","1765737142511-1005852192","1","2.5l","0","0","0","0","0","0","0",\N,"morning","active","2025-12-18 06:51:23","2025-12-18 06:51:23"
"62","1766027305854-516599508-1",\N,"1765649478569-891341182","1765738128976-1005852192","1","2.00l","0","0","0","0","0","0","0",\N,"morning","active","2025-12-18 06:51:23","2025-12-18 06:51:23"
"63","1766027556541-178418082-1",\N,"1765649478569-891341182","1765736803268-1005852192","1","2.00l","0","0","0","0","0","0","0",\N,"morning","active","2025-12-18 06:51:23","2025-12-18 06:51:23"
"64","1766027775727-936242801-1",\N,"1765649478569-891341182","1765907213619-1005852192","1","3.00l","0","0","0","0","0","0","0",\N,"morning","active","2025-12-18 06:51:23","2025-12-18 06:51:23"
"65","1766028000105-1072486652-1",\N,"1765649478569-891341182","1765765924324-181506292","1","3.00l","0","0","0","0","0","0","0",\N,"morning","active","2025-12-18 06:51:23","2025-12-18 06:51:23"
"66","1766028386738-499777460-1",\N,"1765649478569-891341182","1765737750060-1005852192","1","2.5l","0","0","0","0","0","0","0",\N,"morning","active","2025-12-18 06:51:23","2025-12-18 06:51:23"
"67","1766028444130-526207589-1",\N,"1765649478569-891341182","1765738482933-1005852192","1","2.00l","0","0","0","0","0","0","0",\N,"morning","active","2025-12-18 06:51:23","2025-12-18 06:51:23"
"68","1766028974663-105408125-1",\N,"1765649478569-891341182","1765737474297-1005852192","1","2.5l","0","0","0","0","0","0","0",\N,"morning","active","2025-12-18 06:51:23","2025-12-18 06:51:23"
"69","1766029215425-748017357-1",\N,"1765649478569-891341182","1765737612501-1005852192","1","3.00l","0","0","0","0","0","0","0",\N,"morning","active","2025-12-18 06:51:23","2025-12-18 06:51:23"
"70","1766029662608-545878703-1",\N,"1765649478569-891341182","1765736612497-1005852192","1","3.00l","0","0","0","0","0","0","0",\N,"morning","active","2025-12-18 06:51:23","2025-12-18 06:51:23"
"71","1766029706750-674806673-1",\N,"1765649478569-891341182","1765738301735-1005852192","1","1.5l","0","0","0","0","0","0","0",\N,"morning","active","2025-12-18 06:51:23","2025-12-18 06:51:23"
"72","1766069399205-936242801-1",\N,"1765649478569-891341182","1765907213619-1005852192","1","2.00l","0","0","0","0","0","0","0",\N,"morning","active","2025-12-18 18:01:35","2025-12-18 18:01:35"
"73","1766069446055-820205887-1",\N,"1765649478569-891341182","1765736227116-1005852192","1","1.5l","0","0","0","0","0","0","0",\N,"morning","active","2025-12-18 18:01:35","2025-12-18 18:01:35"
"74","1766069521093-279143255-1",\N,"1765649478569-891341182","1765764384562-1005852192","1","3.5l","0","0","0","0","0","0","0",\N,"evening","active","2025-12-18 18:01:35","2025-12-18 18:01:35"
"75","1766069608032-178418082-1",\N,"1765649478569-891341182","1765736803268-1005852192","1","1.5l","0","0","0","0","0","0","0",\N,"evening","active","2025-12-18 18:01:35","2025-12-18 18:01:35"
"76","1766069664132-517287950-1",\N,"1765649478569-891341182","1765737336206-1005852192","1","1.5l","0","0","0","0","0","0","0",\N,"evening","active","2025-12-18 18:01:35","2025-12-18 18:01:35"
"77","1766069726717-304433647-1",\N,"1765649478569-891341182","1765737142511-1005852192","1","2.00l","0","0","0","0","0","0","0",\N,"evening","active","2025-12-18 18:01:35","2025-12-18 18:01:35"
"78","1766069813813-105408125-1",\N,"1765649478569-891341182","1765737474297-1005852192","1","2.5l","0","0","0","0","0","0","0",\N,"evening","active","2025-12-18 18:01:35","2025-12-18 18:01:35"
"79","1766069861194-748017357-1",\N,"1765649478569-891341182","1765737612501-1005852192","1","2.5l","0","0","0","0","0","0","0",\N,"evening","active","2025-12-18 18:01:35","2025-12-18 18:01:35"
"80","1766069922854-499777460-1",\N,"1765649478569-891341182","1765737750060-1005852192","1","2.00l","0","0","0","0","0","0","0",\N,"evening","active","2025-12-18 18:01:35","2025-12-18 18:01:35"
"81","1766069975459-674806673-1",\N,"1765649478569-891341182","1765738301735-1005852192","1","1.00l","00","00","00","00","00","00","00",\N,"evening","active","2025-12-18 18:01:35","2025-12-18 18:01:35"
"82","1766070034013-526207589-1",\N,"1765649478569-891341182","1765738482933-1005852192","1","1.5l","0","0","0","0","0","0","0",\N,"evening","active","2025-12-18 18:01:35","2025-12-18 18:01:35"
"83","1766070085292-1072486652-1",\N,"1765649478569-891341182","1765765924324-181506292","1","2.5l","0","0","0","0","0","0","0",\N,"evening","active","2025-12-18 18:01:35","2025-12-18 18:01:35"
"84","1766149443760-936242801-1",\N,"1765649478569-891341182","1765907213619-1005852192","1","3.00l","0","0","0","0","0","0","0","0","morning","active","2025-12-19 17:08:02","2025-12-19 17:08:02"
"85","1766150224074-936242801-1",\N,"1765649478569-891341182","1765907213619-1005852192","1","2.5l","0","0","0","0","0","0","0",\N,"evening","active","2025-12-19 17:08:02","2025-12-19 17:08:02"
"86","1766149494130-820205887-1",\N,"1765649478569-891341182","1765736227116-1005852192","1","2.00l","0","0","0","0","0","0","0","0","morning","active","2025-12-19 17:08:02","2025-12-19 17:08:02"
"87","1766150267104-820205887-1",\N,"1765649478569-891341182","1765736227116-1005852192","1","2.00l","0","0","0","0","0","0","0",\N,"evening","active","2025-12-19 17:08:02","2025-12-19 17:08:02"
"88","1766149531972-279143255-1",\N,"1765649478569-891341182","1765764384562-1005852192","1","4.00l","0","0","0","0","0","0","0",\N,"morning","active","2025-12-19 17:08:02","2025-12-19 17:08:02"
"89","1766150311617-279143255-1",\N,"1765649478569-891341182","1765764384562-1005852192","1","3.00l","0","0","0","0","0","0","0",\N,"evening","active","2025-12-19 17:08:02","2025-12-19 17:08:02"
"90","1766149563589-178418082-1",\N,"1765649478569-891341182","1765736803268-1005852192","1","2.00l","0","0","0","0","0","0","0",\N,"morning","active","2025-12-19 17:08:02","2025-12-19 17:08:02"
"91","1766150358723-178418082-1",\N,"1765649478569-891341182","1765736803268-1005852192","1","1.5l","0","0","0","0","0","0","0",\N,"evening","active","2025-12-19 17:08:02","2025-12-19 17:08:02"
"92","1766149602057-517287950-1",\N,"1765649478569-891341182","1765737336206-1005852192","1","2.00l","0","0","0","0","0","0","0",\N,"morning","active","2025-12-19 17:08:02","2025-12-19 17:08:02"
"93","1766150438747-517287950-1",\N,"1765649478569-891341182","1765737336206-1005852192","1","2.00l","0","0","0","0","0","0","0",\N,"evening","active","2025-12-19 17:08:02","2025-12-19 17:08:02"
"94","1766149642828-304433647-1",\N,"1765649478569-891341182","1765737142511-1005852192","1","2.5l","0","0","0","0","0","0","0",\N,"morning","active","2025-12-19 17:08:02","2025-12-19 17:08:02"
"95","1766150478755-304433647-1",\N,"1765649478569-891341182","1765737142511-1005852192","1","2.00l","0","0","0","0","0","0","0",\N,"evening","active","2025-12-19 17:08:02","2025-12-19 17:08:02"
"96","1766149690266-105408125-1",\N,"1765649478569-891341182","1765737474297-1005852192","1","2.5l","0","0","0","0","0","0","0",\N,"morning","active","2025-12-19 17:08:02","2025-12-19 17:08:02"
"97","1766149842626-105408125-1",\N,"1765649478569-891341182","1765737474297-1005852192","1","2.5l","0","0","0","0","0","0","0",\N,"morning","active","2025-12-19 17:08:02","2025-12-19 17:08:02"
"98","1766150519966-105408125-1",\N,"1765649478569-891341182","1765737474297-1005852192","1","2.00l","0","0","0","0","0","0","0",\N,"evening","active","2025-12-19 17:08:02","2025-12-19 17:08:02"
"99","1766149772551-748017357-1",\N,"1765649478569-891341182","1765737612501-1005852192","1","3.00l","0","0","0","0","0","0","0",\N,"morning","active","2025-12-19 17:08:02","2025-12-19 17:08:02"
"100","1766151270001-748017357-1",\N,"1765649478569-891341182","1765737612501-1005852192","1","2.00l","0","0","0","0","0","0","0",\N,"evening","active","2025-12-19 17:08:02","2025-12-19 17:08:02"
"101","1766150002979-499777460-1",\N,"1765649478569-891341182","1765737750060-1005852192","1","2.5l","0","0","0","0","0","0","0",\N,"morning","active","2025-12-19 17:08:02","2025-12-19 17:08:02"
"102","1766150728917-499777460-1",\N,"1765649478569-891341182","1765737750060-1005852192","1","2.00l","0","0","0","0","0","0","0",\N,"evening","active","2025-12-19 17:08:02","2025-12-19 17:08:02"
"103","1766150083555-674806673-1",\N,"1765649478569-891341182","1765738301735-1005852192","1","1.5l","0","0","0","0","0","0","0",\N,"morning","active","2025-12-19 17:08:02","2025-12-19 17:08:02"
"104","1766150877244-674806673-1",\N,"1765649478569-891341182","1765738301735-1005852192","1","1.00l","0","0","0","0","0","0","0",\N,"evening","active","2025-12-19 17:08:02","2025-12-19 17:08:02"
"105","1766150126420-526207589-1",\N,"1765649478569-891341182","1765738482933-1005852192","1","2.00l","0","0","0","0","0","0","0",\N,"morning","active","2025-12-19 17:08:02","2025-12-19 17:08:02"
"106","1766150612976-526207589-1",\N,"1765649478569-891341182","1765738482933-1005852192","1","1.5l","0","0","0","0","0","0","0",\N,"evening","active","2025-12-19 17:08:02","2025-12-19 17:08:02"
"107","1766150170220-1072486652-1",\N,"1765649478569-891341182","1765765924324-181506292","1","3.00l","0","0","0","0","0","0","0","0","morning","active","2025-12-19 17:08:02","2025-12-19 17:08:02"
"108","1766150677957-1072486652-1",\N,"1765649478569-891341182","1765765924324-181506292","1","2.5l","0","0","0","0","0","0","0",\N,"evening","active","2025-12-19 17:08:02","2025-12-19 17:08:02"
"109","1766300917398-936242801-1",\N,"1765649478569-891341182","1765907213619-1005852192","1","3.00l","0","0","0","0","0","0","0",\N,"morning","active","2025-12-21 10:39:20","2025-12-21 10:39:20"
"110","1766301532409-936242801-1",\N,"1765649478569-891341182","1765907213619-1005852192","1","2.00l","0","0","0","0","0","0","0",\N,"evening","active","2025-12-21 10:39:20","2025-12-21 10:39:20"
"111","1766302112920-936242801-1",\N,"1765649478569-891341182","1765907213619-1005852192","1","2.5l","0","0","0","0","0","0","0",\N,"morning","active","2025-12-21 10:39:20","2025-12-21 10:39:20"
"112","1766300984598-820205887-1",\N,"1765649478569-891341182","1765736227116-1005852192","1","2.00l","0","0","0","0","0","0","0",\N,"morning","active","2025-12-21 10:39:20","2025-12-21 10:39:20"
"113","1766301587311-820205887-1",\N,"1765649478569-891341182","1765736227116-1005852192","1","1.5l","0","0","0","0","0","0","0","0","evening","active","2025-12-21 10:39:20","2025-12-21 10:39:20"
"114","1766302166503-820205887-1",\N,"1765649478569-891341182","1765736227116-1005852192","1","2.00l","0","0","0","0","0","0","0",\N,"morning","active","2025-12-21 10:39:20","2025-12-21 10:39:20"
"115","1766301051707-279143255-1",\N,"1765649478569-891341182","1765764384562-1005852192","1","4.00l","0","0","0","0","0","0","0",\N,"morning","active","2025-12-21 10:39:20","2025-12-21 10:39:20"
"116","1766301633787-279143255-1",\N,"1765649478569-891341182","1765764384562-1005852192","1","3.00l","0","0","0","0","0","0","0",\N,"evening","active","2025-12-21 10:39:20","2025-12-21 10:39:20"
"117","1766302226063-279143255-1",\N,"1765649478569-891341182","1765764384562-1005852192","1","4.00l","0","0","0","0","0","0","0","0","morning","active","2025-12-21 10:39:20","2025-12-21 10:39:20"
"118","1766301117164-178418082-1",\N,"1765649478569-891341182","1765736803268-1005852192","1","2.00l","0","0","0","0","0","0","0","0","morning","active","2025-12-21 10:39:20","2025-12-21 10:39:20"
"119","1766301683521-178418082-1",\N,"1765649478569-891341182","1765736803268-1005852192","1","1.5l","0","0","0","0","0","0","0","0","evening","active","2025-12-21 10:39:20","2025-12-21 10:39:20"
"120","1766302331824-178418082-1",\N,"1765649478569-891341182","1765736803268-1005852192","1","2.5l","0","0","0","0","0","0","0",\N,"morning","active","2025-12-21 10:39:20","2025-12-21 10:39:20"
"121","1766301186124-517287950-1",\N,"1765649478569-891341182","1765737336206-1005852192","1","2.00l","0","0","0","0","0","0","0",\N,"morning","active","2025-12-21 10:39:20","2025-12-21 10:39:20"
"122","1766301728940-517287950-1",\N,"1765649478569-891341182","1765737336206-1005852192","1","1.5l","0","0","0","0","0","0","0",\N,"evening","active","2025-12-21 10:39:20","2025-12-21 10:39:20"
"123","1766302390298-517287950-1",\N,"1765649478569-891341182","1765737336206-1005852192","1","2.00l","0","0","0","0","0","0","0",\N,"morning","active","2025-12-21 10:39:20","2025-12-21 10:39:20"
"124","1766301223371-304433647-1",\N,"1765649478569-891341182","1765737142511-1005852192","1","2.5l","0","0","0","0","0","0","0","0","morning","active","2025-12-21 10:39:20","2025-12-21 10:39:20"
"125","1766301772561-304433647-1",\N,"1765649478569-891341182","1765737142511-1005852192","1","2.00l","0","0","0","0","0","0","0",\N,"evening","active","2025-12-21 10:39:20","2025-12-21 10:39:20"
"126","1766302434019-304433647-1",\N,"1765649478569-891341182","1765737142511-1005852192","1","2.00l","0","0","0","0","0","0","0","0","morning","active","2025-12-21 10:39:20","2025-12-21 10:39:20"
"127","1766301263228-105408125-1",\N,"1765649478569-891341182","1765737474297-1005852192","1","2.5l","0","0","0","0","0","0","0",\N,"morning","active","2025-12-21 10:39:20","2025-12-21 10:39:20"
"128","1766301821846-105408125-1",\N,"1765649478569-891341182","1765737474297-1005852192","1","2.00l","0","0","0","0","0","0","0",\N,"evening","active","2025-12-21 10:39:21","2025-12-21 10:39:21"
"129","1766302479334-105408125-1",\N,"1765649478569-891341182","1765737474297-1005852192","1","2.5l","0","0","0","0","0","0","0",\N,"morning","active","2025-12-21 10:39:21","2025-12-21 10:39:21"
"130","1766301303255-748017357-1",\N,"1765649478569-891341182","1765737612501-1005852192","1","3.00l","0","0","0","0","0","0","0","0","morning","active","2025-12-21 10:39:21","2025-12-21 10:39:21"
"131","1766301872183-748017357-1",\N,"1765649478569-891341182","1765737612501-1005852192","1","2.5l","0","0","0","0","0","0","0","0","evening","active","2025-12-21 10:39:21","2025-12-21 10:39:21"
"132","1766302524217-748017357-1",\N,"1765649478569-891341182","1765737612501-1005852192","1","3.00l","0","0","0","0","0","0","0",\N,"morning","active","2025-12-21 10:39:21","2025-12-21 10:39:21"
"133","1766301343167-499777460-1",\N,"1765649478569-891341182","1765737750060-1005852192","1","2.5l","0","0","0","0","0","0","0",\N,"morning","active","2025-12-21 10:39:21","2025-12-21 10:39:21"
"134","1766301917858-499777460-1",\N,"1765649478569-891341182","1765737750060-1005852192","1","2.00l","0","0","0","0","0","0","0",\N,"evening","active","2025-12-21 10:39:21","2025-12-21 10:39:21"
"135","1766302569382-499777460-1",\N,"1765649478569-891341182","1765737750060-1005852192","1","2.5l","0","0","0","0","0","0","0","0","morning","active","2025-12-21 10:39:21","2025-12-21 10:39:21"
"136","1766301387262-526207589-1",\N,"1765649478569-891341182","1765738482933-1005852192","1","2.00l","0","0","0","0","0","0","0",\N,"morning","active","2025-12-21 10:39:21","2025-12-21 10:39:21"
"137","1766302017033-526207589-1",\N,"1765649478569-891341182","1765738482933-1005852192","1","1.5l","0","0","0","0","0","0","0",\N,"evening","active","2025-12-21 10:39:21","2025-12-21 10:39:21"
"138","1766302669154-526207589-1",\N,"1765649478569-891341182","1765738482933-1005852192","1","1.5l","0","0","0","0","0","0","0","0","morning","active","2025-12-21 10:39:21","2025-12-21 10:39:21"
"139","1766301426760-674806673-1",\N,"1765649478569-891341182","1765738301735-1005852192","1","1.5l","0","0","0","0","0","0","0",\N,"morning","active","2025-12-21 10:39:21","2025-12-21 10:39:21"
"140","1766301970800-674806673-1",\N,"1765649478569-891341182","1765738301735-1005852192","1","1.00l","0","0","0","0","0","0","0",\N,"evening","active","2025-12-21 10:39:21","2025-12-21 10:39:21"
"141","1766302626425-674806673-1",\N,"1765649478569-891341182","1765738301735-1005852192","1","1.5l","0","0","0","0","0","0","0",\N,"morning","active","2025-12-21 10:39:21","2025-12-21 10:39:21"
"142","1766301483151-1072486652-1",\N,"1765649478569-891341182","1765765924324-181506292","1","3.00l","0","0","0","0","0","0","0",\N,"morning","active","2025-12-21 10:39:21","2025-12-21 10:39:21"
"143","1766302067311-1072486652-1",\N,"1765649478569-891341182","1765765924324-181506292","1","2.5l","0","0","0","0","0","0","0","0","evening","active","2025-12-21 10:39:21","2025-12-21 10:39:21"
"144","1766302711705-1072486652-1",\N,"1765649478569-891341182","1765765924324-181506292","1","3.00l","0","0","0","0","0","0","0","0","morning","active","2025-12-21 10:39:21","2025-12-21 10:39:21"
"145","1766326068421-936242801-1",\N,"1765649478569-891341182","1765907213619-1005852192","1","2.00l","0","0","0","0","0","0","0",\N,"evening","active","2025-12-21 17:17:02","2025-12-21 17:17:02"
"146","1766326124438-820205887-1",\N,"1765649478569-891341182","1765736227116-1005852192","1","2.00l","0","0","0","0","0","0","0",\N,"evening","active","2025-12-21 17:17:02","2025-12-21 17:17:02"
"147","1766326186059-279143255-1",\N,"1765649478569-891341182","1765764384562-1005852192","1","3.00l","0","0","0","0","0","0","0",\N,"evening","active","2025-12-21 17:17:02","2025-12-21 17:17:02"
"148","1766326235604-178418082-1",\N,"1765649478569-891341182","1765736803268-1005852192","1","1.5l","0","0","0","0","0","0","0",\N,"evening","active","2025-12-21 17:17:02","2025-12-21 17:17:02"
"149","1766326288789-517287950-1",\N,"1765649478569-891341182","1765737336206-1005852192","1","1.5l","0","0","0","0","0","0","0",\N,"evening","active","2025-12-21 17:17:02","2025-12-21 17:17:02"
"150","1766326335503-304433647-1",\N,"1765649478569-891341182","1765737142511-1005852192","1","2.00l","0","0","0","0","0","0","0",\N,"evening","active","2025-12-21 17:17:02","2025-12-21 17:17:02"
"151","1766326380522-105408125-1",\N,"1765649478569-891341182","1765737474297-1005852192","1","2.80l","0","0","0","0","0","0","0",\N,"evening","active","2025-12-21 17:17:02","2025-12-21 17:17:02"
"152","1766326431637-748017357-1",\N,"1765649478569-891341182","1765737612501-1005852192","1","2.00l","0","0","0","0","0","0","0",\N,"evening","active","2025-12-21 17:17:02","2025-12-21 17:17:02"
"153","1766326474787-499777460-1",\N,"1765649478569-891341182","1765737750060-1005852192","1","2.00l","0","0","0","0","0","0","0",\N,"evening","active","2025-12-21 17:17:02","2025-12-21 17:17:02"
"154","1766326521311-674806673-1",\N,"1765649478569-891341182","1765738301735-1005852192","1","1.5l","0","0","0","0","0","0","0",\N,"evening","active","2025-12-21 17:17:02","2025-12-21 17:17:02"
"155","1766326560354-526207589-1",\N,"1765649478569-891341182","1765738482933-1005852192","1","1.5l","0","0","0","0","0","0","0",\N,"evening","active","2025-12-21 17:17:02","2025-12-21 17:17:02"
"156","1766326611233-1072486652-1",\N,"1765649478569-891341182","1765765924324-181506292","1","2.5l","0","0","0","0","0","0","0",\N,"evening","active","2025-12-21 17:17:02","2025-12-21 17:17:02"
"157","1766428124405-936242801-1",\N,"1765649478569-891341182","1765907213619-1005852192","1","2.5l","0","0","0","0","0","0","0","0","morning","active","2025-12-22 21:48:16","2025-12-22 21:48:16"
"158","1766428697049-936242801-1",\N,"1765649478569-891341182","1765907213619-1005852192","1","2.00l","0","0","0","0","0","0","0",\N,"evening","active","2025-12-22 21:48:16","2025-12-22 21:48:16"
"159","1766428170123-820205887-1",\N,"1765649478569-891341182","1765736227116-1005852192","1","2.00l","0","0","0","0","0","0","0",\N,"morning","active","2025-12-22 21:48:16","2025-12-22 21:48:16"
"160","1766428731355-820205887-1",\N,"1765649478569-891341182","1765736227116-1005852192","1","2.08l",\N,\N,"0","0","0","0","0",\N,"evening","active","2025-12-22 21:48:16","2025-12-22 21:48:16"
"161","1766428214384-279143255-1",\N,"1765649478569-891341182","1765764384562-1005852192","1","4.00l","0","0","0","0","0","0","0",\N,"morning","active","2025-12-22 21:48:16","2025-12-22 21:48:16"
"162","1766428789237-279143255-1",\N,"1765649478569-891341182","1765764384562-1005852192","1","3.00l","0","0","0","0","0","0","0",\N,"evening","active","2025-12-22 21:48:16","2025-12-22 21:48:16"
"163","1766428262986-178418082-1",\N,"1765649478569-891341182","1765736803268-1005852192","1","2.5l","0","0","0","0","0","0","0",\N,"morning","active","2025-12-22 21:48:16","2025-12-22 21:48:16"
"164","1766428854728-178418082-1",\N,"1765649478569-891341182","1765736803268-1005852192","1","1.5l","0","0","0","0","0","0","0",\N,"evening","active","2025-12-22 21:48:16","2025-12-22 21:48:16"
"165","1766428310540-517287950-1",\N,"1765649478569-891341182","1765737336206-1005852192","1","2.5l","0","0","0","0","0","0","0",\N,"morning","active","2025-12-22 21:48:16","2025-12-22 21:48:16"
"166","1766428910302-517287950-1",\N,"1765649478569-891341182","1765737336206-1005852192","1","1.5l","0","0","0","0","0","0","0",\N,"evening","active","2025-12-22 21:48:16","2025-12-22 21:48:16"
"167","1766428354728-304433647-1",\N,"1765649478569-891341182","1765737142511-1005852192","1","2.5l","0","0","0","0","8","0","0",\N,"morning","active","2025-12-22 21:48:16","2025-12-22 21:48:16"
"168","1766428996855-304433647-1",\N,"1765649478569-891341182","1765737142511-1005852192","1","2.00l",\N,\N,"0","0","0","0","0",\N,"evening","active","2025-12-22 21:48:16","2025-12-22 21:48:16"
"169","1766428401400-105408125-1",\N,"1765649478569-891341182","1765737474297-1005852192","1","2.5l","0","0","0","0","0","0","0",\N,"morning","active","2025-12-22 21:48:16","2025-12-22 21:48:16"
"170","1766429086883-105408125-1",\N,"1765649478569-891341182","1765737474297-1005852192","1","2.00l",\N,\N,"0","0","0","0","0",\N,"evening","active","2025-12-22 21:48:16","2025-12-22 21:48:16"
"171","1766428448643-499777460-1",\N,"1765649478569-891341182","1765737750060-1005852192","1","2.5l","0","0","0","0","0","0","0",\N,"morning","active","2025-12-22 21:48:16","2025-12-22 21:48:16"
"172","1766429138197-499777460-1",\N,"1765649478569-891341182","1765737750060-1005852192","1","2.00l","0","0","0","0","0","0","0",\N,"evening","active","2025-12-22 21:48:16","2025-12-22 21:48:16"
"173","1766428483458-748017357-1",\N,"1765649478569-891341182","1765737612501-1005852192","1","2.5l","0","0","0","0","0","0","0",\N,"morning","active","2025-12-22 21:48:16","2025-12-22 21:48:16"
"174","1766429054166-748017357-1",\N,"1765649478569-891341182","1765737612501-1005852192","1","2.5l","0","0","0","0","0","0","0",\N,"evening","active","2025-12-22 21:48:16","2025-12-22 21:48:16"
"175","1766428536789-526207589-1",\N,"1765649478569-891341182","1765738482933-1005852192","1","1.5l","0","0","0","0","0","0","0",\N,"morning","active","2025-12-22 21:48:16","2025-12-22 21:48:16"
"176","1766429232597-526207589-1",\N,"1765649478569-891341182","1765738482933-1005852192","1","1.5l","0","0","0","0","0","0","0","0","evening","active","2025-12-22 21:48:16","2025-12-22 21:48:16"
"177","1766428573461-674806673-1",\N,"1765649478569-891341182","1765738301735-1005852192","1","1.5l","0","0","0","0","0","0","0",\N,"morning","active","2025-12-22 21:48:16","2025-12-22 21:48:16"
"178","1766429188929-674806673-1",\N,"1765649478569-891341182","1765738301735-1005852192","1","1.00l","0","0","0","0","0","0","0",\N,"evening","active","2025-12-22 21:48:16","2025-12-22 21:48:16"
"179","1766428624667-1072486652-1",\N,"1765649478569-891341182","1765765924324-181506292","1","3.00l","0","0","0","0","0","0","0",\N,"morning","active","2025-12-22 21:48:16","2025-12-22 21:48:16"
"180","1766429283038-1072486652-1",\N,"1765649478569-891341182","1765765924324-181506292","1","3.00l","0","0","0","0","0","0","0",\N,"evening","active","2025-12-22 21:48:16","2025-12-22 21:48:16"
"181","1766548882797-936242801-1",\N,"1765649478569-891341182","1765907213619-1005852192","1","2.5l","0","0","0","0","0","0","0","0","morning","active","2025-12-24 07:25:14","2025-12-24 07:25:14"
"182","1766549479796-936242801-1",\N,"1765649478569-891341182","1765907213619-1005852192","1","2.00l","0","0","0","0","0","0","0",\N,"evening","active","2025-12-24 07:25:14","2025-12-24 07:25:14"
"183","1766548922693-820205887-1",\N,"1765649478569-891341182","1765736227116-1005852192","1","3.00l","0","0","0","0","0","0","0",\N,"morning","active","2025-12-24 07:25:14","2025-12-24 07:25:14"
"184","1766549856540-820205887-1",\N,"1765649478569-891341182","1765736227116-1005852192","1","2.00l","0","0","0","0","0","0","0",\N,"evening","active","2025-12-24 07:25:14","2025-12-24 07:25:14"
"185","1766548954743-279143255-1",\N,"1765649478569-891341182","1765764384562-1005852192","1","4.5l","0","0","0","0","0","0","0",\N,"morning","active","2025-12-24 07:25:14","2025-12-24 07:25:14"
"186","1766549896640-279143255-1",\N,"1765649478569-891341182","1765764384562-1005852192","1","3.5l","0","0","0","0","0","0","0",\N,"evening","active","2025-12-24 07:25:14","2025-12-24 07:25:14"
"187","1766548989466-178418082-1",\N,"1765649478569-891341182","1765736803268-1005852192","1","2.5l","0","0","0","0","0","0","0",\N,"morning","active","2025-12-24 07:25:14","2025-12-24 07:25:14"
"188","1766549937159-178418082-1",\N,"1765649478569-891341182","1765736803268-1005852192","1","1.5l","0","0","0","0","0","0","0",\N,"evening","active","2025-12-24 07:25:14","2025-12-24 07:25:14"
"189","1766549027646-517287950-1",\N,"1765649478569-891341182","1765737336206-1005852192","1","2.5l","0","0","0","0","0",\N,\N,\N,"morning","active","2025-12-24 07:25:14","2025-12-24 07:25:14"
"190","1766549992070-517287950-1",\N,"1765649478569-891341182","1765737336206-1005852192","1","2.00l","0","0","0","0","0","0","0",\N,"evening","active","2025-12-24 07:25:14","2025-12-24 07:25:14"
"191","1766549064296-304433647-1",\N,"1765649478569-891341182","1765737142511-1005852192","1","2.5l","0","0","0","0","0","0","0",\N,"morning","active","2025-12-24 07:25:14","2025-12-24 07:25:14"
"192","1766550031152-304433647-1",\N,"1765649478569-891341182","1765737142511-1005852192","1","2.00l","0","0","0","0","0","0","0",\N,"evening","active","2025-12-24 07:25:14","2025-12-24 07:25:14"
"193","1766549214508-105408125-1",\N,"1765649478569-891341182","1765737474297-1005852192","1","2.5l","0","0","0","0","0","0","0",\N,"morning","active","2025-12-24 07:25:14","2025-12-24 07:25:14"
"194","1766550073784-105408125-1",\N,"1765649478569-891341182","1765737474297-1005852192","1","2.00l","0","0","0","0","0","0","0","0","evening","active","2025-12-24 07:25:14","2025-12-24 07:25:14"
"195","1766549252349-748017357-1",\N,"1765649478569-891341182","1765737612501-1005852192","1","2.5l","0","0","0","0","0","0","0",\N,"morning","active","2025-12-24 07:25:14","2025-12-24 07:25:14"
"196","1766550120587-748017357-1",\N,"1765649478569-891341182","1765737612501-1005852192","1","2.5l","0","0","0","0","0","0","0",\N,"evening","active","2025-12-24 07:25:14","2025-12-24 07:25:14"
"197","1766549299105-499777460-1",\N,"1765649478569-891341182","1765737750060-1005852192","1","3.5l","0","0","0","0","0","0","0",\N,"morning","active","2025-12-24 07:25:14","2025-12-24 07:25:14"
"198","1766550169091-499777460-1",\N,"1765649478569-891341182","1765737750060-1005852192","1","2.00l","0","0","0","0","0","0","0",\N,"evening","active","2025-12-24 07:25:14","2025-12-24 07:25:14"
"199","1766549340610-674806673-1",\N,"1765649478569-891341182","1765738301735-1005852192","1","1.5l","0","0","0","0","0","0","0",\N,"morning","active","2025-12-24 07:25:14","2025-12-24 07:25:14"
"200","1766550215189-674806673-1",\N,"1765649478569-891341182","1765738301735-1005852192","1","1.00l","0","0","0","0","0","0","0",\N,"evening","active","2025-12-24 07:25:14","2025-12-24 07:25:14"
"201","1766549385134-526207589-1",\N,"1765649478569-891341182","1765738482933-1005852192","1","2.5l","0","0","0","0","0","0","0",\N,"morning","active","2025-12-24 07:25:14","2025-12-24 07:25:14"
"202","1766550256956-526207589-1",\N,"1765649478569-891341182","1765738482933-1005852192","1","1.5l","0","0","0","0","0","0","0",\N,"evening","active","2025-12-24 07:25:14","2025-12-24 07:25:14"
"203","1766549427765-1072486652-1",\N,"1765649478569-891341182","1765765924324-181506292","1","3.5l","0","0","0","0","0","0","0","0","morning","active","2025-12-24 07:25:14","2025-12-24 07:25:14"
"204","1766550305946-1072486652-1",\N,"1765649478569-891341182","1765765924324-181506292","1","3.00l","0","0","0","0","0","0","0",\N,"evening","active","2025-12-24 07:25:14","2025-12-24 07:25:14"
"205","1766557274415-936242801-1",\N,"1765649478569-891341182","1765907213619-1005852192","1","2.5l","0","0","0","0","0","0","0",\N,"morning","active","2025-12-24 09:33:24","2025-12-24 09:33:24"
"206","1766557336504-820205887-1",\N,"1765649478569-891341182","1765736227116-1005852192","1","2.5l","0","0","0","0","0","0","0",\N,"morning","active","2025-12-24 09:33:24","2025-12-24 09:33:24"
"207","1766557377724-279143255-1",\N,"1765649478569-891341182","1765764384562-1005852192","1","4.5l","0","0","0","0","0","0","0",\N,"morning","active","2025-12-24 09:33:24","2025-12-24 09:33:24"
"208","1766557466209-178418082-1",\N,"1765649478569-891341182","1765736803268-1005852192","1","2.5l","0","0","0","0","0","0","0",\N,"morning","active","2025-12-24 09:33:24","2025-12-24 09:33:24"
"209","1766557572529-517287950-1",\N,"1765649478569-891341182","1765737336206-1005852192","1","2.5l","0","0","0","0","0","0","0",\N,"morning","active","2025-12-24 09:33:24","2025-12-24 09:33:24"
"210","1766557675929-304433647-1",\N,"1765649478569-891341182","1765737142511-1005852192","1","2.5l","0","0","0","0","0","0","0",\N,"morning","active","2025-12-24 09:33:24","2025-12-24 09:33:24"
"211","1766557753695-105408125-1",\N,"1765649478569-891341182","1765737474297-1005852192","1","3.5l","0","0","0","0","0","0","0",\N,"morning","active","2025-12-24 09:33:24","2025-12-24 09:33:24"
"212","1766557800065-748017357-1",\N,"1765649478569-891341182","1765737612501-1005852192","1","2.5l","0","0","0","0","0","0","0",\N,"morning","active","2025-12-24 09:33:24","2025-12-24 09:33:24"
"213","1766557844707-499777460-1",\N,"1765649478569-891341182","1765737750060-1005852192","1","3.5l","0","0","0","0","0","0","0",\N,"morning","active","2025-12-24 09:33:24","2025-12-24 09:33:24"
"214","1766557892939-674806673-1",\N,"1765649478569-891341182","1765738301735-1005852192","1","1.8l","0","0","0","0","0","0","0",\N,"morning","active","2025-12-24 09:33:24","2025-12-24 09:33:24"
"215","1766557937531-526207589-1",\N,"1765649478569-891341182","1765738482933-1005852192","1","1.5l","0","0","0","0","0","0","0",\N,"morning","active","2025-12-24 09:33:24","2025-12-24 09:33:24"
"216","1766557990250-1072486652-1",\N,"1765649478569-891341182","1765765924324-181506292","1","3.5l","0","0","0","0","0","0","0",\N,"morning","active","2025-12-24 09:33:24","2025-12-24 09:33:24"
"217","1766590561510-936242801-1",\N,"1765649478569-891341182","1765907213619-1005852192","1","3.00l","0","0","0","0","0","0","0",\N,"evening","active","2025-12-24 18:46:12","2025-12-24 18:46:12"
"218","1766590608543-820205887-1",\N,"1765649478569-891341182","1765736227116-1005852192","1","2.00l","0","0","0","0","0","0","0",\N,"evening","active","2025-12-24 18:46:12","2025-12-24 18:46:12"
"219","1766590654669-279143255-1",\N,"1765649478569-891341182","1765764384562-1005852192","1","4.5l","0","0","0","0","0","0","0",\N,"evening","active","2025-12-24 18:46:12","2025-12-24 18:46:12"
"220","1766590727576-178418082-1",\N,"1765649478569-891341182","1765736803268-1005852192","1","2.00l","0","0","0","0","0","0","0",\N,"evening","active","2025-12-24 18:46:12","2025-12-24 18:46:12"
"221","1766590776912-517287950-1",\N,"1765649478569-891341182","1765737336206-1005852192","1","2.00l","0","0","0","0","0","0","0",\N,"evening","active","2025-12-24 18:46:12","2025-12-24 18:46:12"
"222","1766590831176-304433647-1",\N,"1765649478569-891341182","1765737142511-1005852192","1","2.00l","0","0","0","0","0","0","0",\N,"evening","active","2025-12-24 18:46:12","2025-12-24 18:46:12"
"223","1766590885419-105408125-1",\N,"1765649478569-891341182","1765737474297-1005852192","1","2.5l","0","0","0","0","0","0","0","0","evening","active","2025-12-24 18:46:12","2025-12-24 18:46:12"
"224","1766590920841-748017357-1",\N,"1765649478569-891341182","1765737612501-1005852192","1","2.5l","0","0","0","0","0","0","0",\N,"evening","active","2025-12-24 18:46:12","2025-12-24 18:46:12"
"225","1766590973352-499777460-1",\N,"1765649478569-891341182","1765737750060-1005852192","1","2.5l","0","0","0","0","0","0","0",\N,"evening","active","2025-12-24 18:46:12","2025-12-24 18:46:12"
"226","1766591025436-674806673-1",\N,"1765649478569-891341182","1765738301735-1005852192","1","1.5l","0","0","0","0","0","0","0",\N,"evening","active","2025-12-24 18:46:12","2025-12-24 18:46:12"
"227","1766591080960-526207589-1",\N,"1765649478569-891341182","1765738482933-1005852192","1","2.00l","0","0","0","0","0","0","0",\N,"evening","active","2025-12-24 18:46:12","2025-12-24 18:46:12"
"228","1766591123097-1072486652-1",\N,"1765649478569-891341182","1765765924324-181506292","1","3.00l","0","0","0","0","0","0","0",\N,"evening","active","2025-12-24 18:46:12","2025-12-24 18:46:12"
"229","1766633740722-936242801-1",\N,"1765649478569-891341182","1765907213619-1005852192","1","3.00l","0","0","0","0","0","0","0","0","morning","active","2025-12-25 06:43:27","2025-12-25 06:43:27"
"230","1766633791041-820205887-1",\N,"1765649478569-891341182","1765736227116-1005852192","1","2.5l","0","0","0","0","0","0","0",\N,"morning","active","2025-12-25 06:43:27","2025-12-25 06:43:27"
"231","1766633842537-279143255-1",\N,"1765649478569-891341182","1765764384562-1005852192","1","4.5l","0","0","0","0","0","0","0",\N,"morning","active","2025-12-25 06:43:27","2025-12-25 06:43:27"
"232","1766633879244-178418082-1",\N,"1765649478569-891341182","1765736803268-1005852192","1","3.5l","0","0","0","0","0","0","0",\N,"morning","active","2025-12-25 06:43:27","2025-12-25 06:43:27"
"233","1766633925051-516599508-1",\N,"1765649478569-891341182","1765738128976-1005852192","1","2.5l","0","0","0","0","0","0","0",\N,"morning","active","2025-12-25 06:43:27","2025-12-25 06:43:27"
"234","1766633959937-304433647-1",\N,"1765649478569-891341182","1765737142511-1005852192","1","3.00l","0","0","0","0","0","0","0",\N,"morning","active","2025-12-25 06:43:27","2025-12-25 06:43:27"
"235","1766634002340-105408125-1",\N,"1765649478569-891341182","1765737474297-1005852192","1","2.00l","0","0","0","0","0","0","0",\N,"morning","active","2025-12-25 06:43:27","2025-12-25 06:43:27"
"236","1766634039259-748017357-1",\N,"1765649478569-891341182","1765737612501-1005852192","1","3.00l","0","0","0","0","0","0","0",\N,"morning","active","2025-12-25 06:43:27","2025-12-25 06:43:27"
"237","1766634074493-499777460-1",\N,"1765649478569-891341182","1765737750060-1005852192","1","3.5l","0","0","0","0","0","0","0",\N,"morning","active","2025-12-25 06:43:27","2025-12-25 06:43:27"
"238","1766634113817-674806673-2",\N,"1765649478569-891341182","1765738301735-1005852192","2","1.8l","0","0","0","0","0","0","0",\N,"morning","active","2025-12-25 06:43:27","2025-12-25 06:43:27"
"239","1766634160513-526207589-1",\N,"1765649478569-891341182","1765738482933-1005852192","1","2.5l","0","0","0","0","0","0","0",\N,"morning","active","2025-12-25 06:43:27","2025-12-25 06:43:27"
"240","1766634197577-1072486652-1",\N,"1765649478569-891341182","1765765924324-181506292","1","3.5l","0","0","0","0","0","0","0",\N,"morning","active","2025-12-25 06:43:27","2025-12-25 06:43:27"
"241","1766679074119-936242801-1",\N,"1765649478569-891341182","1765907213619-1005852192","1","2.00l","0","0","0","0","0","0","0",\N,"evening","active","2025-12-25 19:31:52","2025-12-25 19:31:52"
"242","1766679135769-820205887-1",\N,"1765649478569-891341182","1765736227116-1005852192","1","2.00l","0","0","0","0","0","0","0",\N,"evening","active","2025-12-25 19:31:52","2025-12-25 19:31:52"
"243","1766679175810-279143255-1",\N,"1765649478569-891341182","1765764384562-1005852192","1","4.00l","0","0","0","0","0","0","0",\N,"evening","active","2025-12-25 19:31:52","2025-12-25 19:31:52"
"244","1766679246335-178418082-1",\N,"1765649478569-891341182","1765736803268-1005852192","1","2.5l","0","0","0","0","0","0","0",\N,"evening","active","2025-12-25 19:31:52","2025-12-25 19:31:52"
"245","1766679319982-517287950-1",\N,"1765649478569-891341182","1765737336206-1005852192","1","2.00l","0","0","0","0","0","0","0",\N,"evening","active","2025-12-25 19:31:52","2025-12-25 19:31:52"
"246","1766679379159-304433647-1",\N,"1765649478569-891341182","1765737142511-1005852192","1","2.00l","0","0","0","0","0","0","0",\N,"evening","active","2025-12-25 19:31:52","2025-12-25 19:31:52"
"247","1766679450514-105408125-1",\N,"1765649478569-891341182","1765737474297-1005852192","1","2.5l","0","0","0","0","0","0","0",\N,"evening","active","2025-12-25 19:31:52","2025-12-25 19:31:52"
"248","1766679495187-748017357-1",\N,"1765649478569-891341182","1765737612501-1005852192","1","3.00l",\N,\N,"0","0","0","0","0",\N,"evening","active","2025-12-25 19:31:52","2025-12-25 19:31:52"
"249","1766679593587-499777460-1",\N,"1765649478569-891341182","1765737750060-1005852192","1","3.00l","0","0","0","0","0","0","0",\N,"evening","active","2025-12-25 19:31:52","2025-12-25 19:31:52"
"250","1766679641008-674806673-1",\N,"1765649478569-891341182","1765738301735-1005852192","1","1.5l","0","0","0","0","0","0","0",\N,"evening","active","2025-12-25 19:31:52","2025-12-25 19:31:52"
"251","1766679681689-526207589-1",\N,"1765649478569-891341182","1765738482933-1005852192","1","2.00l",\N,\N,"0","0","0","0","0",\N,"evening","active","2025-12-25 19:31:52","2025-12-25 19:31:52"
"252","1766679718003-1072486652-1",\N,"1765649478569-891341182","1765765924324-181506292","1","3.00l","0","0","0","0","0","0","0",\N,"evening","active","2025-12-25 19:31:52","2025-12-25 19:31:52"
"253","1766739184959-936242801-1",\N,"1765649478569-891341182","1765907213619-1005852192","1","2.5l","0","0","0","0","0","0","0",\N,"morning","active","2025-12-26 12:03:47","2025-12-26 12:03:47"
"254","1766739288229-820205887-1",\N,"1765649478569-891341182","1765736227116-1005852192","1","205l","0","0","0","0","0","0","0",\N,"morning","active","2025-12-26 12:03:47","2025-12-26 12:03:47"
"255","1766739335933-279143255-1",\N,"1765649478569-891341182","1765764384562-1005852192","1","4.5l","0","0","0","0","0","0","0",\N,"morning","active","2025-12-26 12:03:47","2025-12-26 12:03:47"
"256","1766739399883-178418082-1",\N,"1765649478569-891341182","1765736803268-1005852192","1","2.5l","0","0","0","0","0","0","0",\N,"morning","active","2025-12-26 12:03:47","2025-12-26 12:03:47"
"257","1766739463190-517287950-1",\N,"1765649478569-891341182","1765737336206-1005852192","1","2.00l","0","0","0","0","0","0","0",\N,"morning","active","2025-12-26 12:03:47","2025-12-26 12:03:47"
"258","1766739527785-304433647-1",\N,"1765649478569-891341182","1765737142511-1005852192","1","2.5l","0","0","0","0","0","0","0",\N,"morning","active","2025-12-26 12:03:47","2025-12-26 12:03:47"
"259","1766739579646-105408125-1",\N,"1765649478569-891341182","1765737474297-1005852192","1","2.5l","0","0","0","0","0","0","0",\N,"morning","active","2025-12-26 12:03:47","2025-12-26 12:03:47"
"260","1766739622986-748017357-1",\N,"1765649478569-891341182","1765737612501-1005852192","1","3.5l","0","0","0","0","0","0","0","0","morning","active","2025-12-26 12:03:47","2025-12-26 12:03:47"
"261","1766739668302-499777460-1",\N,"1765649478569-891341182","1765737750060-1005852192","1","3.5l",\N,\N,"0","0","0","0","0",\N,"morning","active","2025-12-26 12:03:47","2025-12-26 12:03:47"
"262","1766739705421-674806673-1",\N,"1765649478569-891341182","1765738301735-1005852192","1","1.8l",\N,\N,"0","0","0","0","0",\N,"morning","active","2025-12-26 12:03:47","2025-12-26 12:03:47"
"263","1766739763390-526207589-1",\N,"1765649478569-891341182","1765738482933-1005852192","1","2.5l","0","0","0","0","0","0","0",\N,"morning","active","2025-12-26 12:03:47","2025-12-26 12:03:47"
"264","1766739804266-1072486652-1",\N,"1765649478569-891341182","1765765924324-181506292","1","3.5l","0","0","0","0","0","0","0",\N,"morning","active","2025-12-26 12:03:47","2025-12-26 12:03:47"
"265","1766770487857-936242801-1",\N,"1765649478569-891341182","1765907213619-1005852192","1","2.00l","0","0","0","0","0","0","0",\N,"evening","active","2025-12-26 20:49:17","2025-12-26 20:49:17"
"266","1766770566758-820205887-1",\N,"1765649478569-891341182","1765736227116-1005852192","1","2.00l","0","0","0","0","0","0","0",\N,"evening","active","2025-12-26 20:49:17","2025-12-26 20:49:17"
"267","1766770868926-820205887-1",\N,"1765649478569-891341182","1765736227116-1005852192","1","1.5l","0","0","0","0","0","0","0",\N,"evening","active","2025-12-26 20:49:17","2025-12-26 20:49:17"
"268","1766770816406-279143255-1",\N,"1765649478569-891341182","1765764384562-1005852192","1","3.5l","0","0","-0","0","0","0","0",\N,"morning","active","2025-12-26 20:49:17","2025-12-26 20:49:17"
"269","1766770960072-517287950-1",\N,"1765649478569-891341182","1765737336206-1005852192","1","1.5l","0","0","0","0","0","0","0",\N,"evening","active","2025-12-26 20:49:17","2025-12-26 20:49:17"
"270","1766771001727-304433647-1",\N,"1765649478569-891341182","1765737142511-1005852192","1","2.0l","0","0","0","0","0","0","0",\N,"evening","active","2025-12-26 20:49:17","2025-12-26 20:49:17"
"271","1766771057095-105408125-1",\N,"1765649478569-891341182","1765737474297-1005852192","1","2.00l","0","0","0","0","0","0","0",\N,"evening","active","2025-12-26 20:49:17","2025-12-26 20:49:17"
"272","1766771124226-748017357-1",\N,"1765649478569-891341182","1765737612501-1005852192","1","2.00l","0","0","0","0","0","0","0",\N,"evening","active","2025-12-26 20:49:17","2025-12-26 20:49:17"
"273","1766771175477-499777460-1",\N,"1765649478569-891341182","1765737750060-1005852192","1","2.00l","0","0","0","0","0","0","0",\N,"evening","active","2025-12-26 20:49:17","2025-12-26 20:49:17"
"274","1766771219647-674806673-1",\N,"1765649478569-891341182","1765738301735-1005852192","1","1.5l","0","0","0","0","0","0","0",\N,"evening","active","2025-12-26 20:49:17","2025-12-26 20:49:17"
"275","1766771265630-526207589-1",\N,"1765649478569-891341182","1765738482933-1005852192","1","1.5l","0","0","0","0","0","0","0",\N,"evening","active","2025-12-26 20:49:17","2025-12-26 20:49:17"
"276","1766771320962-1072486652-1",\N,"1765649478569-891341182","1765765924324-181506292","1","3.00l","0","0","0","0","0","0","0",\N,"evening","active","2025-12-26 20:49:17","2025-12-26 20:49:17"
"277","1766922683391-936242801-1","2025-12-28 14:51:23","1765649478569-891341182","1765907213619-1005852192","1","2.5l","0","0","0","0","0","0","0",\N,"morning","active","2025-12-28 15:01:56","2025-12-28 15:01:56"
"278","1766922732779-820205887-1","2025-12-28 14:52:12","1765649478569-891341182","1765736227116-1005852192","1","2.00l","0","0","0","0","0","0","0",\N,"morning","active","2025-12-28 15:01:56","2025-12-28 15:01:56"
"279","1766922782580-279143255-1","2025-12-28 14:53:02","1765649478569-891341182","1765764384562-1005852192","1","4.5l","0","0","0","0","0","0","0",\N,"morning","active","2025-12-28 15:01:56","2025-12-28 15:01:56"
"280","1766922830646-178418082-1","2025-12-28 14:53:50","1765649478569-891341182","1765736803268-1005852192","1","2.00l","0","0","0","0","0","0","0",\N,"morning","active","2025-12-28 15:01:56","2025-12-28 15:01:56"
"281","1766922884300-517287950-1","2025-12-28 14:54:44","1765649478569-891341182","1765737336206-1005852192","1","2.5l","0","0","0","0","0","0","0",\N,"morning","active","2025-12-28 15:01:56","2025-12-28 15:01:56"
"282","1766922922820-304433647-1","2025-12-28 14:55:22","1765649478569-891341182","1765737142511-1005852192","1","2.5l","0","0","0","0","0","0","0",\N,"morning","active","2025-12-28 15:01:56","2025-12-28 15:01:56"
"283","1766922979606-105408125-1","2025-12-28 14:56:19","1765649478569-891341182","1765737474297-1005852192","1","3.00l","0","0","0","0","0","0","0",\N,"morning","active","2025-12-28 15:01:56","2025-12-28 15:01:56"
"284","1766923028514-748017357-1","2025-12-28 14:57:08","1765649478569-891341182","1765737612501-1005852192","1","2.5l","0","0","0","0","0","0","0",\N,"morning","active","2025-12-28 15:01:56","2025-12-28 15:01:56"
"285","1766923071139-499777460-1","2025-12-28 14:57:51","1765649478569-891341182","1765737750060-1005852192","1","2.00l","0","0","0","0","0","0","0",\N,"morning","active","2025-12-28 15:01:56","2025-12-28 15:01:56"
"286","1766923118586-674806673-1","2025-12-28 14:58:38","1765649478569-891341182","1765738301735-1005852192","1","1.5l","0","0","0","0","0","0","0",\N,"morning","active","2025-12-28 15:01:56","2025-12-28 15:01:56"
"287","1766923159137-526207589-1","2025-12-28 14:59:19","1765649478569-891341182","1765738482933-1005852192","1","1.5l","0","0","0","0","0","0","0",\N,"morning","active","2025-12-28 15:01:56","2025-12-28 15:01:56"
"288","1766923202401-1072486652-1","2025-12-28 15:00:02","1765649478569-891341182","1765765924324-181506292","1","3.00l","0","0","0","0","0","0","0",\N,"morning","active","2025-12-28 15:01:56","2025-12-28 15:01:56"
"289","1766942532241-936242801-1","2025-12-27 20:21:00","1765649478569-891341182","1765907213619-1005852192","1","3.00l","0","0","0","0","0","0","0",\N,"morning","active","2025-12-28 21:05:03","2025-12-28 21:05:03"
"290","1766943874609-936242801-1","2025-12-28 08:44:00","1765649478569-891341182","1765907213619-1005852192","1","1.5l","0","0","0","0","0","0",\N,\N,"evening","active","2025-12-28 21:05:03","2025-12-28 21:05:03"
"291","1766942591562-820205887-1","2025-12-27 20:22:00","1765649478569-891341182","1765736227116-1005852192","1","2.00l","0","0","0","0","0","0","0",\N,"morning","active","2025-12-28 21:05:03","2025-12-28 21:05:03"
"292","1766943810225-820205887-1","2025-12-27 08:42:00","1765649478569-891341182","1765736227116-1005852192","1","2.00l","0","0","0","0","0","0","0","0","evening","active","2025-12-28 21:05:03","2025-12-28 21:05:03"
"293","1766943940917-820205887-1","2025-12-28 20:45:00","1765649478569-891341182","1765736227116-1005852192","1","2.00l","8","8","0","0","0",\N,\N,\N,"evening","active","2025-12-28 21:05:03","2025-12-28 21:05:03"
"294","1766942638887-279143255-1","2025-12-27 20:23:00","1765649478569-891341182","1765764384562-1005852192","1","4.5l","8","0","0","0","0","0","0",\N,"morning","active","2025-12-28 21:05:03","2025-12-28 21:05:03"
"295","1766943751516-279143255-1","2025-12-27 08:42:00","1765649478569-891341182","1765764384562-1005852192","1","3.00l","0","0","0","0","0","0","0","0","evening","active","2025-12-28 21:05:03","2025-12-28 21:05:03"
"296","1766944002962-279143255-1","2025-12-28 20:46:00","1765649478569-891341182","1765764384562-1005852192","1","3.00l","0","0","0","0","0","8","0",\N,"evening","active","2025-12-28 21:05:03","2025-12-28 21:05:03"
"297","1766942690605-178418082-1","2025-12-27 20:24:00","1765649478569-891341182","1765736803268-1005852192","1","2.00l",\N,\N,\N,\N,\N,\N,\N,\N,"morning","active","2025-12-28 21:05:03","2025-12-28 21:05:03"
"298","1766943671075-178418082-1","2025-12-27 08:40:00","1765649478569-891341182","1765736803268-1005852192","1","1.5l","0","0","0","0","0","0","0",\N,"evening","active","2025-12-28 21:05:03","2025-12-28 21:05:03"
"299","1766944125357-178418082-1","2025-12-28 20:48:00","1765649478569-891341182","1765736803268-1005852192","1","1.5l","0","0","0","0","0","0","0",\N,"evening","active","2025-12-28 21:05:03","2025-12-28 21:05:03"
"300","1766942753634-517287950-1","2025-12-27 20:25:00","1765649478569-891341182","1765737336206-1005852192","1","2.00l","0","0","0","0","0","0","0",\N,"morning","active","2025-12-28 21:05:03","2025-12-28 21:05:03"
"301","1766943614184-517287950-1","2025-12-27 08:39:00","1765649478569-891341182","1765737336206-1005852192","1","1.5l","0","0","0","0","0","0","0",\N,"evening","active","2025-12-28 21:05:03","2025-12-28 21:05:03"
"302","1766944329631-517287950-1","2025-12-28 20:51:00","1765649478569-891341182","1765737336206-1005852192","1","1.00l","0","0","8","0","0","0","0",\N,"evening","active","2025-12-28 21:05:03","2025-12-28 21:05:03"
"303","1766942802395-304433647-1","2025-12-27 20:26:00","1765649478569-891341182","1765737142511-1005852192","1","2.5l","0","0","0","0","0","0","0",\N,"morning","active","2025-12-28 21:05:03","2025-12-28 21:05:03"
"304","1766943542549-304433647-1","2025-12-27 08:38:00","1765649478569-891341182","1765737142511-1005852192","1","2.00l","0","0","0","0","0","0","0",\N,"evening","active","2025-12-28 21:05:03","2025-12-28 21:05:03"
"305","1766944407842-304433647-1","2025-12-28 20:52:00","1765649478569-891341182","1765737142511-1005852192","1","2.5l","0","0","0","8","8","0","0",\N,"evening","active","2025-12-28 21:05:03","2025-12-28 21:05:03"
"306","1766942878903-105408125-1","2025-12-27 20:27:00","1765649478569-891341182","1765737474297-1005852192","1","2.5l","0","0","0","0","0","0","0","0","morning","active","2025-12-28 21:05:03","2025-12-28 21:05:03"
"307","1766943482829-105408125-1","2025-12-27 08:37:00","1765649478569-891341182","1765737474297-1005852192","1","2.00l",\N,\N,\N,"0","0","0","0","0","evening","active","2025-12-28 21:05:03","2025-12-28 21:05:03"
"308","1766944501928-105408125-1","2025-12-28 20:54:00","1765649478569-891341182","1765737474297-1005852192","1","2.00l","0","0","0","0","0","0","0",\N,"evening","active","2025-12-28 21:05:03","2025-12-28 21:05:03"
"309","1766942906553-748017357-1","2025-12-27 20:28:00","1765649478569-891341182","1765737612501-1005852192","1","2.00l",\N,\N,\N,\N,\N,\N,\N,\N,"morning","active","2025-12-28 21:05:03","2025-12-28 21:05:03"
"310","1766943433624-748017357-1","2025-12-27 08:36:00","1765649478569-891341182","1765737612501-1005852192","1","2.00l","0","0","0","0","0","0","0","0","evening","active","2025-12-28 21:05:03","2025-12-28 21:05:03"
"311","1766944540705-748017357-1","2025-12-28 20:55:00","1765649478569-891341182","1765737612501-1005852192","1","2.00l","0","0","0","0","0","0","0",\N,"evening","active","2025-12-28 21:05:03","2025-12-28 21:05:03"
"312","1766942952957-499777460-1","2025-12-27 20:28:00","1765649478569-891341182","1765737750060-1005852192","1","3.00l","0","0","0","0","0","0","0",\N,"morning","active","2025-12-28 21:05:03","2025-12-28 21:05:03"
"313","1766943377063-499777460-1","2025-12-27 08:35:00","1765649478569-891341182","1765737750060-1005852192","1","2.5l","0","0","0","0","0","0-","0","0","evening","active","2025-12-28 21:05:03","2025-12-28 21:05:03"
"314","1766944594182-499777460-1","2025-12-28 20:56:00","1765649478569-891341182","1765737750060-1005852192","1","2.00l","0","0","0","0","0","0","0",\N,"evening","active","2025-12-28 21:05:03","2025-12-28 21:05:03"
"315","1766943009667-526207589-1","2025-12-27 20:29:00","1765649478569-891341182","1765738482933-1005852192","1","3.00l","0","0","0","0","0","0","0",\N,"morning","active","2025-12-28 21:05:03","2025-12-28 21:05:03"
"316","1766943249057-526207589-1","2025-12-27 08:33:00","1765649478569-891341182","1765738482933-1005852192","1","2.08l","0","0","0","0","0","0","0",\N,"evening","active","2025-12-28 21:05:03","2025-12-28 21:05:03"
"317","1766944913533-526207589-1","2025-12-28 21:01:00","1765649478569-891341182","1765738482933-1005852192","1","1.5l","0","0","0","0","0","0","0",\N,"evening","active","2025-12-28 21:05:03","2025-12-28 21:05:03"
"318","1766943059089-674806673-1","2025-12-27 20:30:00","1765649478569-891341182","1765738301735-1005852192","1","1.5l","0-","0","0","0","0","0","0",\N,"morning","active","2025-12-28 21:05:03","2025-12-28 21:05:03"
"319","1766943304391-674806673-1","2025-12-27 08:34:00","1765649478569-891341182","1765738301735-1005852192","1","1.5l","0","0","0","8","0","0","0",\N,"evening","active","2025-12-28 21:05:03","2025-12-28 21:05:03"
"320","1766944686046-674806673-1","2025-12-28 20:57:00","1765649478569-891341182","1765738301735-1005852192","1","1.00l","0","0","0","0","0","0","0",\N,"evening","active","2025-12-28 21:05:03","2025-12-28 21:05:03"
"321","1766943117831-1072486652-1","2025-12-27 20:31:00","1765649478569-891341182","1765765924324-181506292","1","3.00l","0","0","0","0","0","0","0","0","morning","active","2025-12-28 21:05:03","2025-12-28 21:05:03"
"322","1766943174772-1072486652-1","2025-12-27 08:32:00","1765649478569-891341182","1765765924324-181506292","1","2.5l","0","0","0","0","0","0","0","0","evening","active","2025-12-28 21:05:03","2025-12-28 21:05:03"
"323","1766944954675-1072486652-1","2025-12-28 21:02:00","1765649478569-891341182","1765765924324-181506292","1","2.5l","0","0","0","0","0","0","8",\N,"evening","active","2025-12-28 21:05:03","2025-12-28 21:05:03"
"324","1767031667028-936242801-1","2025-12-29 18:31:00","1765649478569-891341182","1765907213619-1005852192","1","2.00l","0","0","0","0","0","0","0","0","morning","active","2025-12-29 21:26:00","2025-12-29 21:26:00"
"325","1767032734771-936242801-1","2025-12-29 21:24:00","1765649478569-891341182","1765907213619-1005852192","1","2.00l","0",".","0",".0",".",".","0",\N,"evening","active","2025-12-29 21:26:00","2025-12-29 21:26:00"
"326","1767031719807-820205887-1","2025-12-29 19:08:00","1765649478569-891341182","1765736227116-1005852192","1","2.00l","0","0","0","0","0","0","0",\N,"morning","active","2025-12-29 21:26:00","2025-12-29 21:26:00"
"327","1767032675454-820205887-1","2025-12-29 21:24:00","1765649478569-891341182","1765736227116-1005852192","1","2.00l",\N,".",".",".",".","0","0",\N,"evening","active","2025-12-29 21:26:00","2025-12-29 21:26:00"
"328","1767031760761-279143255-1","2025-12-29 19:08:00","1765649478569-891341182","1765764384562-1005852192","1","4.00l","0","0","0","0","0","0","0",\N,"morning","active","2025-12-29 21:26:00","2025-12-29 21:26:00"
"329","1767032640429-279143255-1","2025-12-29 21:23:00","1765649478569-891341182","1765764384562-1005852192","1","2.00l",\N,\N,\N,\N,\N,\N,\N,\N,"evening","active","2025-12-29 21:26:00","2025-12-29 21:26:00"
"330","1767031815408-178418082-1","2025-12-29 18:35:00","1765649478569-891341182","1765736803268-1005852192","1","2.5l","0","0","0","0","0","0","0",\N,"morning","active","2025-12-29 21:26:00","2025-12-29 21:26:00"
"331","1767032605257-178418082-1","2025-12-29 21:23:00","1765649478569-891341182","1765736803268-1005852192","1","2.00l",\N,\N,\N,\N,"0",".",".",\N,"evening","active","2025-12-29 21:26:00","2025-12-29 21:26:00"
"332","1767031864964-517287950-1","2025-12-29 20:10:00","1765649478569-891341182","1765737336206-1005852192","1","2.00l","0","0","0","0","0","0","0",\N,"morning","active","2025-12-29 21:26:00","2025-12-29 21:26:00"
"333","1767032553821-517287950-1","2025-12-29 21:22:00","1765649478569-891341182","1765737336206-1005852192","1","1.5l","0","0","0","0","0","0","0","0","evening","active","2025-12-29 21:26:00","2025-12-29 21:26:00"
"334","1767031914823-304433647-1","2025-12-29 19:11:00","1765649478569-891341182","1765737142511-1005852192","1","2.5l","0","0","0","0","0","0","0","0","morning","active","2025-12-29 21:26:00","2025-12-29 21:26:00"
"335","1767032507924-304433647-1","2025-12-29 21:21:00","1765649478569-891341182","1765737142511-1005852192","1","2.00l",\N,"0",".",".",".",".",".",\N,"evening","active","2025-12-29 21:26:00","2025-12-29 21:26:00"
"336","1767031965145-105408125-1","2025-12-29 19:12:00","1765649478569-891341182","1765737474297-1005852192","1","3.00l","0","0","0","0","0","0","0",\N,"morning","active","2025-12-29 21:26:00","2025-12-29 21:26:00"
"337","1767032447232-105408125-1","2025-12-29 21:20:00","1765649478569-891341182","1765737474297-1005852192","1","1.5l","0","0","0","0","0","0","0",\N,"evening","active","2025-12-29 21:26:00","2025-12-29 21:26:00"
"338","1767032003217-499777460-1","2025-12-29 19:13:00","1765649478569-891341182","1765737750060-1005852192","1","2.00l",\N,\N,\N,\N,\N,\N,\N,\N,"morning","active","2025-12-29 21:26:00","2025-12-29 21:26:00"
"339","1767032344305-499777460-1","2025-12-29 21:18:00","1765649478569-891341182","1765737750060-1005852192","1","1.5l","0","0","00","00","0","0","0",\N,"evening","active","2025-12-29 21:26:00","2025-12-29 21:26:00"
"340","1767032025061-748017357-1","2025-12-29 19:13:00","1765649478569-891341182","1765737612501-1005852192","1","3.00l",\N,\N,\N,\N,\N,\N,\N,\N,"morning","active","2025-12-29 21:26:00","2025-12-29 21:26:00"
"341","1767032396946-748017357-1","2025-12-29 21:19:00","1765649478569-891341182","1765737612501-1005852192","1","2.00l","0","0","0","0","0","0.","0",\N,"evening","active","2025-12-29 21:26:00","2025-12-29 21:26:00"
"342","1767032081461-674806673-1","2025-12-29 19:14:00","1765649478569-891341182","1765738301735-1005852192","1","1.00l",".","0","0","0","0","0","0",\N,"morning","active","2025-12-29 21:26:00","2025-12-29 21:26:00"
"343","1767032279246-674806673-1","2025-12-29 21:17:00","1765649478569-891341182","1765738301735-1005852192","1","1.00l","0","0","0","0","0","0","0",\N,"evening","active","2025-12-29 21:26:00","2025-12-29 21:26:00"
"344","1767032117478-526207589-1","2025-12-29 19:14:00","1765649478569-891341182","1765738482933-1005852192","1","2.00l","0","0","0","0","0","0","0",\N,"morning","active","2025-12-29 21:26:00","2025-12-29 21:26:00"
"345","1767032241648-526207589-1","2025-12-29 21:16:00","1765649478569-891341182","1765738482933-1005852192","1","1.5l","0","0","0","0","0","0","0",\N,"evening","active","2025-12-29 21:26:00","2025-12-29 21:26:00"
"346","1767032145144-1072486652-1","2025-12-29 21:15:45","1765649478569-891341182","1765765924324-181506292","1","3.00l","0","0","0","0","0",\N,\N,\N,"morning","active","2025-12-29 21:26:00","2025-12-29 21:26:00"
"347","1767032202239-1072486652-1","2025-12-29 21:16:00","1765649478569-891341182","1765765924324-181506292","1","2.5l","0","0","0","0","0","0","0",\N,"evening","active","2025-12-29 21:26:00","2025-12-29 21:26:00"
"348","1767121187216-936242801-1","2025-12-30 17:58:00","1765649478569-891341182","1765907213619-1005852192","1","2.00l","0","0","0","0","0","0","0",\N,"morning","active","2025-12-30 22:18:24","2025-12-30 22:18:24"
"349","1767122253735-936242801-1","2025-12-30 17:17:00","1765649478569-891341182","1765907213619-1005852192","1","1.5l",\N,\N,\N,\N,\N,\N,\N,\N,"evening","active","2025-12-30 22:18:24","2025-12-30 22:18:24"
"350","1767121229516-820205887-1","2025-12-30 17:00:00","1765649478569-891341182","1765736227116-1005852192","1","2.00l","0","0","0","0","0","0","0",\N,"morning","active","2025-12-30 22:18:24","2025-12-30 22:18:24"
"351","1767122222602-820205887-1","2025-12-30 16:16:00","1765649478569-891341182","1765736227116-1005852192","1","2.00l",\N,\N,\N,\N,\N,\N,\N,\N,"evening","active","2025-12-30 22:18:24","2025-12-30 22:18:24"
"352","1767121274435-178418082-1","2025-12-30 17:00:00","1765649478569-891341182","1765736803268-1005852192","1","1.5l","0","0","0","0","0","0","0",\N,"morning","active","2025-12-30 22:18:24","2025-12-30 22:18:24"
"353","1767122145212-178418082-1","2025-12-30 16:15:00","1765649478569-891341182","1765736803268-1005852192","1","1.5l","0","0","0","0","0","8","0",\N,"evening","active","2025-12-30 22:18:24","2025-12-30 22:18:24"
"354","1767121342586-304433647-1","2025-12-30 17:01:00","1765649478569-891341182","1765737142511-1005852192","1","2.5l","0","0","0","0","0","0","0",\N,"morning","active","2025-12-30 22:18:24","2025-12-30 22:18:24"
"355","1767122093362-304433647-1","2025-12-30 16:14:00","1765649478569-891341182","1765737142511-1005852192","1","2.00l","0","0","0","0","0","0","0",\N,"evening","active","2025-12-30 22:18:24","2025-12-30 22:18:24"
"356","1767121396315-517287950-1","2025-12-30 17:02:00","1765649478569-891341182","1765737336206-1005852192","1","1.5l","0","0","0","0","0","0","0",\N,"morning","active","2025-12-30 22:18:24","2025-12-30 22:18:24"
"357","1767122049546-517287950-1","2025-12-30 16:13:00","1765649478569-891341182","1765737336206-1005852192","1","1.5l","0","0","0","0","0","0","0",\N,"evening","active","2025-12-30 22:18:24","2025-12-30 22:18:24"
"358","1767121441448-105408125-1","2025-12-30 17:03:00","1765649478569-891341182","1765737474297-1005852192","1","2.5l","0","0","0","0","0","0","0",\N,"morning","active","2025-12-30 22:18:24","2025-12-30 22:18:24"
"359","1767121994536-105408125-1","2025-12-30 16:12:00","1765649478569-891341182","1765737474297-1005852192","1","2.00l","0","0","0","0","0","0","0",\N,"evening","active","2025-12-30 22:18:24","2025-12-30 22:18:24"
"360","1767121479054-748017357-1","2025-12-30 17:04:00","1765649478569-891341182","1765737612501-1005852192","1","3.00l","0","0","0","0","0","0","0",\N,"morning","active","2025-12-30 22:18:24","2025-12-30 22:18:24"
"361","1767121940289-748017357-1","2025-12-30 16:11:00","1765649478569-891341182","1765737612501-1005852192","1","2.00l","0","0","0","0","0","0","0",\N,"evening","active","2025-12-30 22:18:24","2025-12-30 22:18:24"
"362","1767121531247-499777460-1","2025-12-30 17:20:00","1765649478569-891341182","1765737750060-1005852192","1","2.5l","0","0","0","0","0","0","0",\N,"morning","active","2025-12-30 22:18:24","2025-12-30 22:18:24"
"363","1767121896110-499777460-1","2025-12-30 16:10:00","1765649478569-891341182","1765737750060-1005852192","1","2.5l","0","0","0","0","0","0","0",\N,"evening","active","2025-12-30 22:18:24","2025-12-30 22:18:24"
"364","1767121569768-674806673-1","2025-12-30 17:50:00","1765649478569-891341182","1765738301735-1005852192","1","1.5l","0","0","0","0","0","0","0",\N,"morning","active","2025-12-30 22:18:24","2025-12-30 22:18:24"
"365","1767121829275-674806673-1","2025-12-30 16:09:00","1765649478569-891341182","1765738301735-1005852192","1","1.00l","0","0","0","0","0","0","0",\N,"evening","active","2025-12-30 22:18:24","2025-12-30 22:18:24"
"366","1767121610897-526207589-1","2025-12-30 18:06:00","1765649478569-891341182","1765738482933-1005852192","1","1.5l","0","0","0","0","0","0","0",\N,"morning","active","2025-12-30 22:18:24","2025-12-30 22:18:24"
"367","1767121760109-526207589-1","2025-12-30 16:08:00","1765649478569-891341182","1765738482933-1005852192","1","1.00l","0","0","0","0","0","0","0",\N,"evening","active","2025-12-30 22:18:24","2025-12-30 22:18:24"
"368","1767121651744-1072486652-1","2025-12-30 18:07:00","1765649478569-891341182","1765765924324-181506292","1","3.5l","0","0","0","0","0","0","0",\N,"morning","active","2025-12-30 22:18:24","2025-12-30 22:18:24"
"369","1767121704909-1072486652-1","2025-12-30 17:07:00","1765649478569-891341182","1765765924324-181506292","1","2.00l","0","0","0","0","0","0","0",\N,"evening","active","2025-12-30 22:18:24","2025-12-30 22:18:24"
"370","1767122180297-279143255-1","2025-12-30 17:16:00","1765649478569-891341182","1765764384562-1005852192","1","3.00l",\N,\N,\N,\N,\N,\N,\N,\N,"evening","active","2025-12-30 22:18:24","2025-12-30 22:18:24"
"371","1767188544474-936242801-1","2025-12-31 17:41:00","1765649478569-891341182","1765907213619-1005852192","1","2.5l",\N,\N,\N,\N,\N,\N,\N,\N,"morning","active","2025-12-31 20:36:55","2025-12-31 20:36:55"
"372","1767190225761-936242801-1","2025-12-31 16:09:00","1765649478569-891341182","1765907213619-1005852192","1","1.5l",\N,\N,\N,\N,\N,\N,\N,\N,"evening","active","2025-12-31 20:36:55","2025-12-31 20:36:55"
"373","1767188679521-820205887-1","2025-12-31 17:43:00","1765649478569-891341182","1765736227116-1005852192","1","2.5l",\N,\N,\N,\N,\N,\N,\N,\N,"morning","active","2025-12-31 20:36:55","2025-12-31 20:36:55"
"374","1767188778788-279143255-1","2025-12-31 17:45:00","1765649478569-891341182","1765764384562-1005852192","1","3.5l",\N,\N,\N,\N,\N,\N,\N,\N,"morning","active","2025-12-31 20:36:55","2025-12-31 20:36:55"
"375","1767190392334-279143255-1","2025-12-31 16:12:00","1765649478569-891341182","1765764384562-1005852192","1","2.5l",\N,\N,\N,\N,\N,\N,\N,\N,"evening","active","2025-12-31 20:36:55","2025-12-31 20:36:55"
"376","1767188884871-178418082-1","2025-12-31 17:47:00","1765649478569-891341182","1765736803268-1005852192","1","1.5l",\N,\N,\N,\N,\N,\N,\N,\N,"morning","active","2025-12-31 20:36:55","2025-12-31 20:36:55"
"377","1767190463956-178418082-1","2025-12-31 16:13:00","1765649478569-891341182","1765736803268-1005852192","1","1.5l",\N,\N,\N,\N,\N,\N,\N,\N,"evening","active","2025-12-31 20:36:55","2025-12-31 20:36:55"
"378","1767189009733-517287950-1","2025-12-31 17:49:00","1765649478569-891341182","1765737336206-1005852192","1","1.5l",\N,\N,\N,\N,\N,\N,\N,\N,"morning","active","2025-12-31 20:36:55","2025-12-31 20:36:55"
"379","1767190539155-517287950-1","2025-12-31 16:15:00","1765649478569-891341182","1765737336206-1005852192","1","1l",\N,\N,\N,\N,\N,\N,\N,\N,"evening","active","2025-12-31 20:36:55","2025-12-31 20:36:55"
"380","1767189077681-304433647-1","2025-12-31 17:50:00","1765649478569-891341182","1765737142511-1005852192","1","3l",\N,\N,\N,\N,\N,\N,\N,\N,"morning","active","2025-12-31 20:36:55","2025-12-31 20:36:55"
"381","1767190593331-304433647-1","2025-12-31 16:16:00","1765649478569-891341182","1765737142511-1005852192","1","2l",\N,\N,\N,\N,\N,\N,\N,\N,"evening","active","2025-12-31 20:36:55","2025-12-31 20:36:55"
"382","1767189149267-105408125-1","2025-12-31 17:51:00","1765649478569-891341182","1765737474297-1005852192","1","2.5l",\N,\N,\N,\N,\N,\N,\N,\N,"morning","active","2025-12-31 20:36:55","2025-12-31 20:36:55"
"383","1767190657660-105408125-1","2025-12-31 16:17:00","1765649478569-891341182","1765737474297-1005852192","1","2.5l",\N,\N,\N,\N,\N,\N,\N,\N,"evening","active","2025-12-31 20:36:55","2025-12-31 20:36:55"
"384","1767189221382-748017357-1","2025-12-31 17:53:00","1765649478569-891341182","1765737612501-1005852192","1","2.5l",\N,\N,\N,\N,\N,\N,\N,\N,"morning","active","2025-12-31 20:36:55","2025-12-31 20:36:55"
"385","1767190708095-748017357-1","2025-12-31 16:18:00","1765649478569-891341182","1765737612501-1005852192","1","2.5l",\N,\N,\N,\N,\N,\N,\N,\N,"evening","active","2025-12-31 20:36:55","2025-12-31 20:36:55"
"386","1767189283236-499777460-1","2025-12-31 17:54:00","1765649478569-891341182","1765737750060-1005852192","1","3.5l",\N,\N,\N,\N,\N,\N,\N,\N,"morning","active","2025-12-31 20:36:55","2025-12-31 20:36:55"
"387","1767190765825-499777460-1","2025-12-31 16:19:00","1765649478569-891341182","1765737750060-1005852192","1","2l",\N,\N,\N,\N,\N,\N,\N,\N,"evening","active","2025-12-31 20:36:55","2025-12-31 20:36:55"
"388","1767189754231-674806673-1","2025-12-31 17:02:00","1765649478569-891341182","1765738301735-1005852192","1","1.5l",\N,\N,\N,\N,\N,\N,\N,\N,"morning","active","2025-12-31 20:36:55","2025-12-31 20:36:55"
"389","1767190820535-674806673-1","2025-12-31 16:19:00","1765649478569-891341182","1765738301735-1005852192","1","1l",\N,\N,\N,\N,\N,\N,\N,\N,"evening","active","2025-12-31 20:36:55","2025-12-31 20:36:55"
"390","1767189857115-526207589-1","2025-12-31 17:03:00","1765649478569-891341182","1765738482933-1005852192","1","1.5l",\N,\N,\N,\N,\N,\N,\N,\N,"morning","active","2025-12-31 20:36:55","2025-12-31 20:36:55"
"391","1767190870158-526207589-1","2025-12-31 16:20:00","1765649478569-891341182","1765738482933-1005852192","1","1.5l",\N,\N,\N,\N,\N,\N,\N,\N,"evening","active","2025-12-31 20:36:55","2025-12-31 20:36:55"
"392","1767189978230-1072486652-1","2025-12-31 17:05:00","1765649478569-891341182","1765765924324-181506292","1","3.5l",\N,\N,\N,\N,\N,\N,\N,\N,"morning","active","2025-12-31 20:36:55","2025-12-31 20:36:55"
"393","1767190925048-1072486652-1","2025-12-31 16:21:00","1765649478569-891341182","1765765924324-181506292","1","2l",\N,\N,\N,\N,\N,\N,\N,\N,"evening","active","2025-12-31 20:36:55","2025-12-31 20:36:55"
"394","1767287981198-936242801-1","2026-01-01 05:17:00","1765649478569-891341182","1765907213619-1005852192","1","2.5l",\N,\N,\N,\N,\N,\N,\N,\N,"morning","active","2026-01-01 22:22:58","2026-01-01 22:22:58"
"395","1767288771535-936242801-1","2026-01-01 16:20:00","1765649478569-891341182","1765907213619-1005852192","1","2l",\N,\N,\N,\N,\N,\N,\N,\N,"evening","active","2026-01-01 22:22:58","2026-01-01 22:22:58"
"396","1767288103600-820205887-1","2026-01-01 05:20:00","1765649478569-891341182","1765736227116-1005852192","1","0.5l",\N,\N,\N,\N,\N,\N,\N,\N,"morning","active","2026-01-01 22:22:58","2026-01-01 22:22:58"
"397","1767288181960-279143255-1","2026-01-01 05:22:00","1765649478569-891341182","1765764384562-1005852192","1","3.5l",\N,\N,\N,\N,\N,\N,\N,\N,"morning","active","2026-01-01 22:22:58","2026-01-01 22:22:58"
"398","1767288842166-279143255-1","2026-01-01 16:20:00","1765649478569-891341182","1765764384562-1005852192","1","3.5l",\N,\N,\N,\N,\N,\N,\N,\N,"evening","active","2026-01-01 22:22:58","2026-01-01 22:22:58"
"399","1767288239496-178418082-1","2026-01-01 05:23:00","1765649478569-891341182","1765736803268-1005852192","1","2.5l",\N,\N,\N,\N,\N,\N,\N,\N,"morning","active","2026-01-01 22:22:58","2026-01-01 22:22:58"
"400","1767288893561-178418082-1","2026-01-01 16:34:00","1765649478569-891341182","1765736803268-1005852192","1","1.5l",\N,\N,\N,\N,\N,\N,\N,\N,"evening","active","2026-01-01 22:22:58","2026-01-01 22:22:58"
"401","1767288301748-517287950-1","2026-01-01 05:24:00","1765649478569-891341182","1765737336206-1005852192","1","1.5l",\N,\N,\N,\N,\N,\N,\N,\N,"morning","active","2026-01-01 22:22:58","2026-01-01 22:22:58"
"402","1767288948688-517287950-1","2026-01-01 16:35:00","1765649478569-891341182","1765737336206-1005852192","1","1.5l",\N,\N,\N,\N,\N,\N,\N,\N,"evening","active","2026-01-01 22:22:58","2026-01-01 22:22:58"
"403","1767288352263-304433647-1","2026-01-01 05:25:00","1765649478569-891341182","1765737142511-1005852192","1","3.5l",\N,\N,\N,\N,\N,\N,\N,\N,"morning","active","2026-01-01 22:22:58","2026-01-01 22:22:58"
"404","1767288998521-304433647-1","2026-01-01 16:36:00","1765649478569-891341182","1765737142511-1005852192","1","2l",\N,\N,\N,\N,\N,\N,\N,\N,"evening","active","2026-01-01 22:22:58","2026-01-01 22:22:58"
"405","1767288402132-105408125-1","2026-01-01 05:26:00","1765649478569-891341182","1765737474297-1005852192","1","2.5l",\N,\N,\N,\N,\N,\N,\N,\N,"morning","active","2026-01-01 22:22:58","2026-01-01 22:22:58"
"406","1767289060122-105408125-1","2026-01-01 16:37:00","1765649478569-891341182","1765737474297-1005852192","1","2l",\N,\N,\N,\N,\N,\N,\N,\N,"evening","active","2026-01-01 22:22:58","2026-01-01 22:22:58"
"407","1767288464826-748017357-1","2026-01-01 05:27:00","1765649478569-891341182","1765737612501-1005852192","1","2.5l",\N,\N,\N,\N,\N,\N,\N,\N,"morning","active","2026-01-01 22:22:58","2026-01-01 22:22:58"
"408","1767289116727-748017357-1","2026-01-01 16:37:00","1765649478569-891341182","1765737612501-1005852192","1","2.5l",\N,\N,\N,\N,\N,\N,\N,\N,"evening","active","2026-01-01 22:22:58","2026-01-01 22:22:58"
"409","1767288527715-499777460-1","2026-01-01 05:28:00","1765649478569-891341182","1765737750060-1005852192","1","2.5l",\N,\N,\N,\N,\N,\N,\N,\N,"morning","active","2026-01-01 22:22:58","2026-01-01 22:22:58"
"410","1767289163874-499777460-1","2026-01-01 16:38:00","1765649478569-891341182","1765737750060-1005852192","1","2.5l",\N,\N,\N,\N,\N,\N,\N,\N,"evening","active","2026-01-01 22:22:58","2026-01-01 22:22:58"
"411","1767288578795-674806673-1","2026-01-01 05:29:00","1765649478569-891341182","1765738301735-1005852192","1","1.5l",\N,\N,\N,\N,\N,\N,\N,\N,"morning","active","2026-01-01 22:22:58","2026-01-01 22:22:58"
"412","1767289210983-674806673-1","2026-01-01 16:39:00","1765649478569-891341182","1765738301735-1005852192","1","1l",\N,\N,\N,\N,\N,\N,\N,\N,"evening","active","2026-01-01 22:22:58","2026-01-01 22:22:58"
"413","1767288635213-526207589-1","2026-01-01 05:30:00","1765649478569-891341182","1765738482933-1005852192","1","1.5l",\N,\N,\N,\N,\N,\N,\N,\N,"morning","active","2026-01-01 22:22:58","2026-01-01 22:22:58"
"414","1767289251787-526207589-1","2026-01-01 16:40:00","1765649478569-891341182","1765738482933-1005852192","1","1.5l",\N,\N,\N,\N,\N,\N,\N,\N,"evening","active","2026-01-01 22:22:58","2026-01-01 22:22:58"
"415","1767288683510-1072486652-1","2026-01-01 05:30:00","1765649478569-891341182","1765765924324-181506292","1","3.5l",\N,\N,\N,\N,\N,\N,\N,\N,"morning","active","2026-01-01 22:22:58","2026-01-01 22:22:58"
"416","1767289302525-1072486652-1","2026-01-01 16:41:00","1765649478569-891341182","1765765924324-181506292","1","3l",\N,\N,\N,\N,\N,\N,\N,\N,"evening","active","2026-01-01 22:22:58","2026-01-01 22:22:58"
"417","1767377479567-936242801-1","2026-01-02 05:10:00","1765649478569-891341182","1765907213619-1005852192","1","2.5l",\N,\N,\N,\N,\N,\N,\N,\N,"morning","active","2026-01-02 21:29:23","2026-01-02 21:29:23"
"418","1767378005196-936242801-1","2026-01-02 16:19:00","1765649478569-891341182","1765907213619-1005852192","1","2l",\N,\N,\N,\N,\N,\N,\N,\N,"evening","active","2026-01-02 21:29:23","2026-01-02 21:29:23"
"419","1767377535649-820205887-1","2026-01-02 05:11:00","1765649478569-891341182","1765736227116-1005852192","1","2.5l",\N,\N,\N,\N,\N,\N,\N,\N,"morning","active","2026-01-02 21:29:23","2026-01-02 21:29:23"
"420","1767377582603-279143255-1","2026-01-02 17:12:00","1765649478569-891341182","1765764384562-1005852192","1","3.5l",\N,\N,\N,\N,\N,\N,\N,\N,"morning","active","2026-01-02 21:29:23","2026-01-02 21:29:23"
"421","1767378061635-279143255-1","2026-01-02 16:20:00","1765649478569-891341182","1765764384562-1005852192","1","3.5l",\N,\N,\N,\N,\N,\N,\N,\N,"evening","active","2026-01-02 21:29:23","2026-01-02 21:29:23"
"422","1767377633925-178418082-1","2026-01-02 05:13:00","1765649478569-891341182","1765736803268-1005852192","1","2.5l",\N,\N,\N,\N,\N,\N,\N,\N,"morning","active","2026-01-02 21:29:23","2026-01-02 21:29:23"
"423","1767378104790-178418082-1","2026-01-02 16:21:00","1765649478569-891341182","1765736803268-1005852192","1","1.5l",\N,\N,\N,\N,\N,\N,\N,\N,"evening","active","2026-01-02 21:29:23","2026-01-02 21:29:23"
"424","1767377684569-517287950-1","2026-01-02 05:14:00","1765649478569-891341182","1765737336206-1005852192","1","1.5l",\N,\N,\N,\N,\N,\N,\N,\N,"morning","active","2026-01-02 21:29:23","2026-01-02 21:29:23"
"425","1767378152629-517287950-1","2026-01-02 16:22:00","1765649478569-891341182","1765737336206-1005852192","1","1.5l",\N,\N,\N,\N,\N,\N,\N,\N,"evening","active","2026-01-02 21:29:23","2026-01-02 21:29:23"
"426","1767377726019-304433647-1","2026-01-02 17:15:00","1765649478569-891341182","1765737142511-1005852192","1","2.5l",\N,\N,\N,\N,\N,\N,\N,\N,"morning","active","2026-01-02 21:29:23","2026-01-02 21:29:23"
"427","1767378197764-304433647-1","2026-01-02 16:22:00","1765649478569-891341182","1765737142511-1005852192","1","2.5l",\N,\N,\N,\N,\N,\N,\N,\N,"evening","active","2026-01-02 21:29:23","2026-01-02 21:29:23"
"428","1767377767952-105408125-1","2026-01-02 05:15:00","1765649478569-891341182","1765737474297-1005852192","1","2.5l",\N,\N,\N,\N,\N,\N,\N,\N,"morning","active","2026-01-02 21:29:23","2026-01-02 21:29:23"
"429","1767378243547-105408125-1","2026-01-02 16:23:00","1765649478569-891341182","1765737474297-1005852192","1","3l",\N,\N,\N,\N,\N,\N,\N,\N,"evening","active","2026-01-02 21:29:23","2026-01-02 21:29:23"
"430","1767377808159-748017357-1","2026-01-02 05:16:00","1765649478569-891341182","1765737612501-1005852192","1","3l",\N,\N,\N,\N,\N,\N,\N,\N,"morning","active","2026-01-02 21:29:23","2026-01-02 21:29:23"
"431","1767378293382-748017357-1","2026-01-02 16:24:00","1765649478569-891341182","1765737612501-1005852192","1","2.5l",\N,\N,\N,\N,\N,\N,\N,\N,"evening","active","2026-01-02 21:29:23","2026-01-02 21:29:23"
"432","1767377847614-499777460-1","2026-01-02 05:17:00","1765649478569-891341182","1765737750060-1005852192","1","3.5l",\N,\N,\N,\N,\N,\N,\N,\N,"morning","active","2026-01-02 21:29:23","2026-01-02 21:29:23"
"433","1767378336853-499777460-1","2026-01-02 16:25:00","1765649478569-891341182","1765737750060-1005852192","1","2.5l",\N,\N,\N,\N,\N,\N,\N,\N,"evening","active","2026-01-02 21:29:23","2026-01-02 21:29:23"
"434","1767377886678-674806673-1","2026-01-02 05:17:00","1765649478569-891341182","1765738301735-1005852192","1","1.5l",\N,\N,\N,\N,\N,\N,\N,\N,"morning","active","2026-01-02 21:29:23","2026-01-02 21:29:23"
"435","1767378378095-674806673-1","2026-01-02 16:25:00","1765649478569-891341182","1765738301735-1005852192","1","1.5l",\N,\N,\N,\N,\N,\N,\N,\N,"evening","active","2026-01-02 21:29:23","2026-01-02 21:29:23"
"436","1767377921056-526207589-1","2026-01-02 05:18:00","1765649478569-891341182","1765738482933-1005852192","1","2l",\N,\N,\N,\N,\N,\N,\N,\N,"morning","active","2026-01-02 21:29:23","2026-01-02 21:29:23"
"437","1767378427641-526207589-1","2026-01-02 16:26:00","1765649478569-891341182","1765738482933-1005852192","1","1.5l",\N,\N,\N,\N,\N,\N,\N,\N,"evening","active","2026-01-02 21:29:23","2026-01-02 21:29:23"
"438","1767377957171-1072486652-1","2026-01-02 05:18:00","1765649478569-891341182","1765765924324-181506292","1","3.5l",\N,\N,\N,\N,\N,\N,\N,\N,"morning","active","2026-01-02 21:29:23","2026-01-02 21:29:23"
"439","1767378476076-1072486652-1","2026-01-02 16:27:00","1765649478569-891341182","1765765924324-181506292","1","2.5l",\N,\N,\N,\N,\N,\N,\N,\N,"evening","active","2026-01-02 21:29:23","2026-01-02 21:29:23"
"440","1767457626837-936242801-1","2026-01-03 18:26:00","1765649478569-891341182","1765907213619-1005852192","1","2.5l",\N,\N,\N,\N,\N,\N,\N,\N,"morning","active","2026-01-03 19:54:03","2026-01-03 19:54:03"
"441","1767458027632-936242801-1","2026-01-03 18:33:00","1765649478569-891341182","1765907213619-1005852192","1","2.00l",\N,\N,\N,\N,\N,\N,\N,\N,"evening","active","2026-01-03 19:54:03","2026-01-03 19:54:03"
"442","1767457662197-820205887-1","2026-01-03 18:27:00","1765649478569-891341182","1765736227116-1005852192","1","2.00l",\N,\N,\N,\N,\N,\N,\N,\N,"morning","active","2026-01-03 19:54:03","2026-01-03 19:54:03"
"443","1767457698730-279143255-1","2026-01-03 18:27:00","1765649478569-891341182","1765764384562-1005852192","1","3.5l",\N,\N,\N,\N,\N,\N,\N,\N,"morning","active","2026-01-03 19:54:03","2026-01-03 19:54:03"
"444","1767458066309-279143255-1","2026-01-03 18:34:00","1765649478569-891341182","1765764384562-1005852192","1","3.5l",\N,\N,\N,\N,\N,\N,\N,\N,"evening","active","2026-01-03 19:54:03","2026-01-03 19:54:03"
"445","1767457736650-178418082-1","2026-01-03 18:28:00","1765649478569-891341182","1765736803268-1005852192","1","3.00l",\N,\N,\N,\N,\N,\N,\N,\N,"morning","active","2026-01-03 19:54:03","2026-01-03 19:54:03"
"446","1767458147717-178418082-1","2026-01-03 18:35:00","1765649478569-891341182","1765736803268-1005852192","1","2.00l",\N,\N,\N,\N,\N,\N,\N,\N,"evening","active","2026-01-03 19:54:03","2026-01-03 19:54:03"
"447","1767457765838-304433647-1","2026-01-03 18:29:00","1765649478569-891341182","1765737142511-1005852192","1","2.5l",\N,\N,\N,\N,\N,\N,\N,\N,"morning","active","2026-01-03 19:54:03","2026-01-03 19:54:03"
"448","1767458192221-304433647-1","2026-01-03 18:36:00","1765649478569-891341182","1765737142511-1005852192","1","2.5l",\N,\N,\N,\N,\N,\N,\N,\N,"evening","active","2026-01-03 19:54:03","2026-01-03 19:54:03"
"449","1767457790583-105408125-1","2026-01-03 18:29:00","1765649478569-891341182","1765737474297-1005852192","1","2.5l",\N,\N,\N,\N,\N,\N,\N,\N,"morning","active","2026-01-03 19:54:03","2026-01-03 19:54:03"
"450","1767458224689-105408125-1","2026-01-03 18:36:00","1765649478569-891341182","1765737474297-1005852192","1","2.00l",\N,\N,\N,\N,\N,\N,\N,\N,"evening","active","2026-01-03 19:54:03","2026-01-03 19:54:03"
"451","1767457811877-748017357-1","2026-01-03 18:29:00","1765649478569-891341182","1765737612501-1005852192","1","3.00l",\N,\N,\N,\N,\N,\N,\N,\N,"morning","active","2026-01-03 19:54:03","2026-01-03 19:54:03"
"452","1767458246089-748017357-1","2026-01-03 19:37:00","1765649478569-891341182","1765737612501-1005852192","1","2.5l",\N,\N,\N,\N,\N,\N,\N,\N,"evening","active","2026-01-03 19:54:03","2026-01-03 19:54:03"
"453","1767457848156-517287950-1","2026-01-03 18:30:00","1765649478569-891341182","1765737336206-1005852192","1","2.00l",\N,\N,\N,\N,\N,\N,\N,\N,"morning","active","2026-01-03 19:54:03","2026-01-03 19:54:03"
"454","1767458289040-517287950-1","2026-01-03 18:37:00","1765649478569-891341182","1765737336206-1005852192","1","1.5l",\N,\N,\N,\N,\N,\N,\N,\N,"evening","active","2026-01-03 19:54:03","2026-01-03 19:54:03"
"455","1767457889851-674806673-1","2026-01-03 18:31:00","1765649478569-891341182","1765738301735-1005852192","1","1.5l",\N,\N,\N,\N,\N,\N,\N,\N,"morning","active","2026-01-03 19:54:03","2026-01-03 19:54:03"
"456","1767458314439-674806673-1","2026-01-03 19:38:00","1765649478569-891341182","1765738301735-1005852192","1","1.5l",\N,\N,\N,\N,\N,\N,\N,\N,"evening","active","2026-01-03 19:54:03","2026-01-03 19:54:03"
"457","1767457934741-499777460-1","2026-01-03 18:31:00","1765649478569-891341182","1765737750060-1005852192","1","3.00l",\N,\N,\N,\N,\N,\N,\N,\N,"morning","active","2026-01-03 19:54:03","2026-01-03 19:54:03"
"458","1767458346265-499777460-1","2026-01-03 18:38:00","1765649478569-891341182","1765737750060-1005852192","1","2.00l",\N,\N,\N,\N,\N,\N,\N,\N,"evening","active","2026-01-03 19:54:03","2026-01-03 19:54:03"
"459","1767457960390-526207589-1","2026-01-03 18:32:00","1765649478569-891341182","1765738482933-1005852192","1","2.00l",\N,\N,\N,\N,\N,\N,\N,\N,"morning","active","2026-01-03 19:54:03","2026-01-03 19:54:03"
"460","1767458376071-526207589-1","2026-01-03 18:39:00","1765649478569-891341182","1765738482933-1005852192","1","2.00l",\N,\N,\N,\N,\N,\N,\N,\N,"evening","active","2026-01-03 19:54:03","2026-01-03 19:54:03"
"461","1767458001795-1072486652-1","2026-01-03 18:33:00","1765649478569-891341182","1765765924324-181506292","1","3.5l",\N,\N,\N,\N,\N,\N,\N,\N,"morning","active","2026-01-03 19:54:03","2026-01-03 19:54:03"
"462","1767458444461-1072486652-1","2026-01-03 19:40:00","1765649478569-891341182","1765765924324-181506292","1","3.00l",\N,\N,\N,\N,\N,\N,\N,\N,"evening","active","2026-01-03 19:54:03","2026-01-03 19:54:03"
"463","1767536454676-936242801-1","2026-01-04 05:20:00","1765649478569-891341182","1765907213619-1005852192","1","2.5l",\N,\N,\N,\N,\N,\N,\N,\N,"morning","active","2026-01-04 20:09:57","2026-01-04 20:09:57"
"464","1767539582645-936242801-1","2026-01-04 16:12:00","1765649478569-891341182","1765907213619-1005852192","1","2.5l",\N,\N,\N,\N,\N,\N,\N,\N,"evening","active","2026-01-04 20:09:57","2026-01-04 20:09:57"
"465","1767536502966-820205887-1","2026-01-04 05:21:00","1765649478569-891341182","1765736227116-1005852192","1","2.5l",\N,\N,\N,\N,\N,\N,\N,\N,"morning","active","2026-01-04 20:09:57","2026-01-04 20:09:57"
"466","1767536543629-279143255-1","2026-01-04 05:22:00","1765649478569-891341182","1765764384562-1005852192","1","4.5l",\N,\N,\N,\N,\N,\N,\N,\N,"morning","active","2026-01-04 20:09:57","2026-01-04 20:09:57"
"467","1767539627173-279143255-1","2026-01-04 16:13:00","1765649478569-891341182","1765764384562-1005852192","1","4l",\N,\N,\N,\N,\N,\N,\N,\N,"evening","active","2026-01-04 20:09:57","2026-01-04 20:09:57"
"468","1767536587182-178418082-1","2026-01-04 05:22:00","1765649478569-891341182","1765736803268-1005852192","1","2.5l",\N,\N,\N,\N,\N,\N,\N,\N,"morning","active","2026-01-04 20:09:57","2026-01-04 20:09:57"
"469","1767539670128-178418082-1","2026-01-04 16:14:00","1765649478569-891341182","1765736803268-1005852192","1","1.5l",\N,\N,\N,\N,\N,\N,\N,\N,"evening","active","2026-01-04 20:09:57","2026-01-04 20:09:57"
"470","1767536628569-517287950-1","2026-01-04 05:23:00","1765649478569-891341182","1765737336206-1005852192","1","2l",\N,\N,\N,\N,\N,\N,\N,\N,"morning","active","2026-01-04 20:09:57","2026-01-04 20:09:57"
"471","1767539727529-517287950-1","2026-01-04 16:15:00","1765649478569-891341182","1765737336206-1005852192","1","2l",\N,\N,\N,\N,\N,\N,\N,\N,"evening","active","2026-01-04 20:09:57","2026-01-04 20:09:57"
"472","1767536665810-304433647-1","2026-01-04 05:24:00","1765649478569-891341182","1765737142511-1005852192","1","2.5l",\N,\N,\N,\N,\N,\N,\N,\N,"morning","active","2026-01-04 20:09:57","2026-01-04 20:09:57"
"473","1767539767427-304433647-1","2026-01-04 16:15:00","1765649478569-891341182","1765737142511-1005852192","1","2.5l",\N,\N,\N,\N,\N,\N,\N,\N,"evening","active","2026-01-04 20:09:57","2026-01-04 20:09:57"
"474","1767536717441-105408125-1","2026-01-04 05:24:00","1765649478569-891341182","1765737474297-1005852192","1","2.5l",\N,\N,\N,\N,\N,\N,\N,\N,"morning","active","2026-01-04 20:09:57","2026-01-04 20:09:57"
"475","1767539808619-105408125-1","2026-01-04 16:16:00","1765649478569-891341182","1765737474297-1005852192","1","2l",\N,\N,\N,\N,\N,\N,\N,\N,"evening","active","2026-01-04 20:09:57","2026-01-04 20:09:57"
"476","1767536752455-748017357-1","2026-01-04 05:25:00","1765649478569-891341182","1765737612501-1005852192","1","3.5l",\N,\N,\N,\N,\N,\N,\N,\N,"morning","active","2026-01-04 20:09:57","2026-01-04 20:09:57"
"477","1767539846251-748017357-1","2026-01-04 16:17:00","1765649478569-891341182","1765737612501-1005852192","1","2l",\N,\N,\N,\N,\N,\N,\N,\N,"evening","active","2026-01-04 20:09:57","2026-01-04 20:09:57"
"478","1767536791378-499777460-1","2026-01-04 05:26:00","1765649478569-891341182","1765737750060-1005852192","1","2.5l",\N,\N,\N,\N,\N,\N,\N,\N,"morning","active","2026-01-04 20:09:57","2026-01-04 20:09:57"
"479","1767539888671-499777460-1","2026-01-04 16:17:00","1765649478569-891341182","1765737750060-1005852192","1","2l",\N,\N,\N,\N,\N,\N,\N,\N,"evening","active","2026-01-04 20:09:57","2026-01-04 20:09:57"
"480","1767536831831-516599508-1","2026-01-04 17:26:00","1765649478569-891341182","1765738128976-1005852192","1","1.5l",\N,\N,\N,\N,\N,\N,\N,\N,"morning","active","2026-01-04 20:09:57","2026-01-04 20:09:57"
"481","1767539929952-516599508-1","2026-01-04 16:18:00","1765649478569-891341182","1765738128976-1005852192","1","1.5l",\N,\N,\N,\N,\N,\N,\N,\N,"evening","active","2026-01-04 20:09:57","2026-01-04 20:09:57"
"482","1767536871222-674806673-1","2026-01-04 17:27:00","1765649478569-891341182","1765738301735-1005852192","1","2l",\N,\N,\N,\N,\N,\N,\N,\N,"morning","active","2026-01-04 20:09:57","2026-01-04 20:09:57"
"483","1767539970814-674806673-1","2026-01-04 16:19:00","1765649478569-891341182","1765738301735-1005852192","1","1.5l",\N,\N,\N,\N,\N,\N,\N,\N,"evening","active","2026-01-04 20:09:57","2026-01-04 20:09:57"
"484","1767536911184-526207589-1","2026-01-04 05:28:00","1765649478569-891341182","1765738482933-1005852192","1","2.5l",\N,\N,\N,\N,\N,\N,\N,\N,"morning","active","2026-01-04 20:09:57","2026-01-04 20:09:57"
"485","1767540012868-526207589-1","2026-01-04 16:19:00","1765649478569-891341182","1765738482933-1005852192","1","2l",\N,\N,\N,\N,\N,\N,\N,\N,"evening","active","2026-01-04 20:09:57","2026-01-04 20:09:57"
"486","1767536950556-1072486652-1","2026-01-04 05:28:00","1765649478569-891341182","1765765924324-181506292","1","3.5l",\N,\N,\N,\N,\N,\N,\N,\N,"morning","active","2026-01-04 20:09:57","2026-01-04 20:09:57"
"487","1767540055977-1072486652-1","2026-01-04 16:20:00","1765649478569-891341182","1765765924324-181506292","1","3l",\N,\N,\N,\N,\N,\N,\N,\N,"evening","active","2026-01-04 20:09:57","2026-01-04 20:09:57"
"488","1767668031179-936242801-1","2026-01-05 05:53:00","1765649478569-891341182","1765907213619-1005852192","1","2.5l",\N,\N,\N,\N,\N,\N,\N,\N,"morning","active","2026-01-06 06:23:40","2026-01-06 06:23:40"
"489","1767668858304-936242801-1","2026-01-05 16:07:00","1765649478569-891341182","1765907213619-1005852192","1","1.5l",\N,\N,\N,\N,\N,\N,\N,\N,"evening","active","2026-01-06 06:23:40","2026-01-06 06:23:40"
"490","1767668086235-820205887-1","2026-01-05 05:54:00","1765649478569-891341182","1765736227116-1005852192","1","2.5l",\N,\N,\N,\N,\N,\N,\N,\N,"morning","active","2026-01-06 06:23:40","2026-01-06 06:23:40"
"491","1767668275635-279143255-1","2026-01-05 05:57:00","1765649478569-891341182","1765764384562-1005852192","1","4l",\N,\N,\N,\N,\N,\N,\N,\N,"morning","active","2026-01-06 06:23:40","2026-01-06 06:23:40"
"492","1767668909010-279143255-1","2026-01-05 16:08:00","1765649478569-891341182","1765764384562-1005852192","1","3l",\N,\N,\N,\N,\N,\N,\N,\N,"evening","active","2026-01-06 06:23:40","2026-01-06 06:23:40"
"493","1767668318257-178418082-1","2026-01-05 05:58:00","1765649478569-891341182","1765736803268-1005852192","1","3l",\N,\N,\N,\N,\N,\N,\N,\N,"morning","active","2026-01-06 06:23:40","2026-01-06 06:23:40"
"494","1767669091751-178418082-1","2026-01-05 16:10:00","1765649478569-891341182","1765736803268-1005852192","1","1.5l",\N,\N,\N,\N,\N,\N,\N,\N,"evening","active","2026-01-06 06:23:40","2026-01-06 06:23:40"
"495","1767668360687-517287950-1","2026-01-05 05:59:00","1765649478569-891341182","1765737336206-1005852192","1","2.5l",\N,\N,\N,\N,\N,\N,\N,\N,"morning","active","2026-01-06 06:23:40","2026-01-06 06:23:40"
"496","1767669267416-517287950-1","2026-01-05 16:13:00","1765649478569-891341182","1765737336206-1005852192","1","1.5l",\N,\N,\N,\N,\N,\N,\N,\N,"evening","active","2026-01-06 06:23:40","2026-01-06 06:23:40"
"497","1767668394594-304433647-1","2026-01-05 05:59:00","1765649478569-891341182","1765737142511-1005852192","1","2.5l",\N,\N,\N,\N,\N,\N,\N,\N,"morning","active","2026-01-06 06:23:40","2026-01-06 06:23:40"
"498","1767669308556-304433647-1","2026-01-05 16:14:00","1765649478569-891341182","1765737142511-1005852192","1","2l",\N,\N,\N,\N,\N,\N,\N,\N,"evening","active","2026-01-06 06:23:40","2026-01-06 06:23:40"
"499","1767668447869-105408125-1","2026-01-05 05:00:00","1765649478569-891341182","1765737474297-1005852192","1","2.5l",\N,\N,\N,\N,\N,\N,\N,\N,"morning","active","2026-01-06 06:23:40","2026-01-06 06:23:40"
"500","1767669349512-105408125-1","2026-01-05 16:15:00","1765649478569-891341182","1765737474297-1005852192","1","2l",\N,\N,\N,\N,\N,\N,\N,\N,"evening","active","2026-01-06 06:23:40","2026-01-06 06:23:40"
"501","1767668479806-748017357-1","2026-01-05 05:01:00","1765649478569-891341182","1765737612501-1005852192","1","3l",\N,\N,\N,\N,\N,\N,\N,\N,"morning","active","2026-01-06 06:23:40","2026-01-06 06:23:40"
"502","1767669380418-748017357-1","2026-01-05 04:16:00","1765649478569-891341182","1765737612501-1005852192","1","2l",\N,\N,\N,\N,\N,\N,\N,\N,"evening","active","2026-01-06 06:23:40","2026-01-06 06:23:40"
"503","1767668517150-499777460-1","2026-01-05 05:01:00","1765649478569-891341182","1765737750060-1005852192","1","2.5l",\N,\N,\N,\N,\N,\N,\N,\N,"morning","active","2026-01-06 06:23:40","2026-01-06 06:23:40"
"504","1767669434309-499777460-1","2026-01-05 16:16:00","1765649478569-891341182","1765737750060-1005852192","1","2l",\N,\N,\N,\N,\N,\N,\N,\N,"evening","active","2026-01-06 06:23:40","2026-01-06 06:23:40"
"505","1767668709509-516599508-1","2026-01-05 05:04:00","1765649478569-891341182","1765738128976-1005852192","1","1.5l",\N,\N,\N,\N,\N,\N,\N,\N,"morning","active","2026-01-06 06:23:40","2026-01-06 06:23:40"
"506","1767669558836-516599508-1","2026-01-05 04:18:00","1765649478569-891341182","1765738128976-1005852192","1","1.5l",\N,\N,\N,\N,\N,\N,\N,\N,"evening","active","2026-01-06 06:23:40","2026-01-06 06:23:40"
"507","1767668743448-674806673-1","2026-01-05 05:05:00","1765649478569-891341182","1765738301735-1005852192","1","1.5l",\N,\N,\N,\N,\N,\N,\N,\N,"morning","active","2026-01-06 06:23:40","2026-01-06 06:23:40"
"508","1767669627620-674806673-1","2026-01-05 16:20:00","1765649478569-891341182","1765738301735-1005852192","1","1.5l",\N,\N,\N,\N,\N,\N,\N,\N,"evening","active","2026-01-06 06:23:40","2026-01-06 06:23:40"
"509","1767668772577-526207589-1","2026-01-05 05:05:00","1765649478569-891341182","1765738482933-1005852192","1","2l",\N,\N,\N,\N,\N,\N,\N,\N,"morning","active","2026-01-06 06:23:40","2026-01-06 06:23:40"
"510","1767669689301-526207589-1","2026-01-05 16:21:00","1765649478569-891341182","1765738482933-1005852192","1","1l",\N,\N,\N,\N,\N,\N,\N,\N,"evening","active","2026-01-06 06:23:40","2026-01-06 06:23:40"
"511","1767668809229-1072486652-1","2026-01-05 05:06:00","1765649478569-891341182","1765765924324-181506292","1","3.5l",\N,\N,\N,\N,\N,\N,\N,\N,"morning","active","2026-01-06 06:23:40","2026-01-06 06:23:40"
"512","1767669732237-1072486652-1","2026-01-05 16:21:00","1765649478569-891341182","1765765924324-181506292","1","2.5l",\N,\N,\N,\N,\N,\N,\N,\N,"evening","active","2026-01-06 06:23:40","2026-01-06 06:23:40"
"513","1767718406997-936242801-1","2026-01-06 05:53:00","1765649478569-891341182","1765907213619-1005852192","1","2.5l",\N,\N,\N,\N,\N,\N,\N,\N,"morning","active","2026-01-06 20:14:21","2026-01-06 20:14:21"
"514","1767719032817-936242801-1","2026-01-06 16:03:00","1765649478569-891341182","1765907213619-1005852192","1","1.5l",\N,\N,\N,\N,\N,\N,\N,\N,"evening","active","2026-01-06 20:14:21","2026-01-06 20:14:21"
"515","1767718451932-820205887-1","2026-01-06 05:53:00","1765649478569-891341182","1765736227116-1005852192","1","2.5l",\N,\N,\N,\N,\N,\N,\N,\N,"morning","active","2026-01-06 20:14:21","2026-01-06 20:14:21"
"516","1767718527200-279143255-1","2026-01-06 05:54:00","1765649478569-891341182","1765764384562-1005852192","1","4l",\N,\N,\N,\N,\N,\N,\N,\N,"morning","active","2026-01-06 20:14:21","2026-01-06 20:14:21"
"517","1767719083418-279143255-1","2026-01-06 16:04:00","1765649478569-891341182","1765764384562-1005852192","1","3.5l",\N,\N,\N,\N,\N,\N,\N,\N,"evening","active","2026-01-06 20:14:21","2026-01-06 20:14:21"
"518","1767718582176-178418082-1","2026-01-06 05:55:00","1765649478569-891341182","1765736803268-1005852192","1","1.5l",\N,\N,\N,\N,\N,\N,\N,\N,"morning","active","2026-01-06 20:14:21","2026-01-06 20:14:21"
"519","1767719133428-178418082-1","2026-01-06 16:05:00","1765649478569-891341182","1765736803268-1005852192","1","1l",\N,\N,\N,\N,\N,\N,\N,\N,"evening","active","2026-01-06 20:14:21","2026-01-06 20:14:21"
"520","1767718629414-517287950-1","2026-01-06 05:56:00","1765649478569-891341182","1765737336206-1005852192","1","2l",\N,\N,\N,\N,\N,\N,\N,\N,"morning","active","2026-01-06 20:14:21","2026-01-06 20:14:21"
"521","1767719185038-517287950-1","2026-01-06 16:06:00","1765649478569-891341182","1765737336206-1005852192","1","1l",\N,\N,\N,\N,\N,\N,\N,\N,"evening","active","2026-01-06 20:14:21","2026-01-06 20:14:21"
"522","1767718669829-304433647-1","2026-01-06 05:57:00","1765649478569-891341182","1765737142511-1005852192","1","2.5l",\N,\N,\N,\N,\N,\N,\N,\N,"morning","active","2026-01-06 20:14:21","2026-01-06 20:14:21"
"523","1767719231607-304433647-1","2026-01-06 16:06:00","1765649478569-891341182","1765737142511-1005852192","1","2.5l",\N,\N,\N,\N,\N,\N,\N,\N,"evening","active","2026-01-06 20:14:21","2026-01-06 20:14:21"
"524","1767718724867-105408125-1","2026-01-06 05:58:00","1765649478569-891341182","1765737474297-1005852192","1","2.5l",\N,\N,\N,\N,\N,\N,\N,\N,"morning","active","2026-01-06 20:14:21","2026-01-06 20:14:21"
"525","1767719274595-105408125-1","2026-01-06 16:07:00","1765649478569-891341182","1765737474297-1005852192","1","2l",\N,\N,\N,\N,\N,\N,\N,\N,"evening","active","2026-01-06 20:14:21","2026-01-06 20:14:21"
"526","1767718769051-748017357-1","2026-01-06 05:59:00","1765649478569-891341182","1765737612501-1005852192","1","2l",\N,\N,\N,\N,\N,\N,\N,\N,"morning","active","2026-01-06 20:14:21","2026-01-06 20:14:21"
"527","1767719313009-748017357-1","2026-01-06 16:08:00","1765649478569-891341182","1765737612501-1005852192","1","2l",\N,\N,\N,\N,\N,\N,\N,\N,"evening","active","2026-01-06 20:14:21","2026-01-06 20:14:21"
"528","1767718816171-499777460-1","2026-01-06 05:59:00","1765649478569-891341182","1765737750060-1005852192","1","2.5l",\N,\N,\N,\N,\N,\N,\N,\N,"morning","active","2026-01-06 20:14:21","2026-01-06 20:14:21"
"529","1767719367150-499777460-1","2026-01-06 16:09:00","1765649478569-891341182","1765737750060-1005852192","1","1.5l",\N,\N,\N,\N,\N,\N,\N,\N,"evening","active","2026-01-06 20:14:21","2026-01-06 20:14:21"
"530","1767718852155-516599508-1","2026-01-06 05:00:00","1765649478569-891341182","1765738128976-1005852192","1","2l",\N,\N,\N,\N,\N,\N,\N,\N,"morning","active","2026-01-06 20:14:21","2026-01-06 20:14:21"
"531","1767719418157-516599508-1","2026-01-06 16:09:00","1765649478569-891341182","1765738128976-1005852192","1","1.5l",\N,\N,\N,\N,\N,\N,\N,\N,"evening","active","2026-01-06 20:14:21","2026-01-06 20:14:21"
"532","1767718892872-674806673-1","2026-01-06 05:01:00","1765649478569-891341182","1765738301735-1005852192","1","1.5l",\N,\N,\N,\N,\N,\N,\N,\N,"morning","active","2026-01-06 20:14:21","2026-01-06 20:14:21"
"533","1767719467328-674806673-1","2026-01-06 16:10:00","1765649478569-891341182","1765738301735-1005852192","1","1.5l",\N,\N,\N,\N,\N,\N,\N,\N,"evening","active","2026-01-06 20:14:21","2026-01-06 20:14:21"
"534","1767718933922-526207589-1","2026-01-06 05:01:00","1765649478569-891341182","1765738482933-1005852192","1","2.5l",\N,\N,\N,\N,\N,\N,\N,\N,"morning","active","2026-01-06 20:14:21","2026-01-06 20:14:21"
"535","1767719520591-526207589-1","2026-01-06 16:11:00","1765649478569-891341182","1765738482933-1005852192","1","1.5l",\N,\N,\N,\N,\N,\N,\N,\N,"evening","active","2026-01-06 20:14:21","2026-01-06 20:14:21"
"536","1767718982773-1072486652-1","2026-01-06 05:02:00","1765649478569-891341182","1765765924324-181506292","1","3.5l",\N,\N,\N,\N,\N,\N,\N,\N,"morning","active","2026-01-06 20:14:21","2026-01-06 20:14:21"
"537","1767719586901-1072486652-1","2026-01-06 16:12:00","1765649478569-891341182","1765765924324-181506292","1","2.5l",\N,\N,\N,\N,\N,\N,\N,\N,"evening","active","2026-01-06 20:14:21","2026-01-06 20:14:21"
"538","1767843555140-936242801-1","2026-01-07 05:38:00","1765649478569-891341182","1765907213619-1005852192","1","2l",\N,\N,\N,\N,\N,\N,\N,\N,"morning","active","2026-01-08 16:12:25","2026-01-08 16:12:25"
"539","1767843704379-936242801-1","2026-01-07 05:41:00","1765649478569-891341182","1765907213619-1005852192","1","4l",\N,\N,\N,\N,\N,\N,\N,\N,"morning","active","2026-01-08 16:12:25","2026-01-08 16:12:25"
"540","1767844196118-936242801-1","2026-01-07 16:49:00","1765649478569-891341182","1765907213619-1005852192","1","1.5l",\N,\N,\N,\N,\N,\N,\N,\N,"evening","active","2026-01-08 16:12:25","2026-01-08 16:12:25"
"541","1767843655113-820205887-1","2026-01-07 05:40:00","1765649478569-891341182","1765736227116-1005852192","1","2l",\N,\N,\N,\N,\N,\N,\N,\N,"morning","active","2026-01-08 16:12:25","2026-01-08 16:12:25"
"542","1767843758983-279143255-1","2026-01-07 05:42:00","1765649478569-891341182","1765764384562-1005852192","1","4l",\N,\N,\N,\N,\N,\N,\N,\N,"morning","active","2026-01-08 16:12:25","2026-01-08 16:12:25"
"543","1767844249721-279143255-1","2026-01-07 16:50:00","1765649478569-891341182","1765764384562-1005852192","1","2.5l",\N,\N,\N,\N,\N,\N,\N,\N,"evening","active","2026-01-08 16:12:25","2026-01-08 16:12:25"
"544","1767843799900-178418082-1","2026-01-07 05:42:00","1765649478569-891341182","1765736803268-1005852192","1","1.5l",\N,\N,\N,\N,\N,\N,\N,\N,"morning","active","2026-01-08 16:12:25","2026-01-08 16:12:25"
"545","1767844291727-178418082-1","2026-01-07 16:51:00","1765649478569-891341182","1765736803268-1005852192","1","1l",\N,\N,\N,\N,\N,\N,\N,\N,"evening","active","2026-01-08 16:12:25","2026-01-08 16:12:25"
"546","1767843848913-517287950-1","2026-01-07 05:43:00","1765649478569-891341182","1765737336206-1005852192","1","1.5l",\N,\N,\N,\N,\N,\N,\N,\N,"morning","active","2026-01-08 16:12:25","2026-01-08 16:12:25"
"547","1767844347287-517287950-1","2026-01-07 16:52:00","1765649478569-891341182","1765737336206-1005852192","1","1l",\N,\N,\N,\N,\N,\N,\N,\N,"evening","active","2026-01-08 16:12:25","2026-01-08 16:12:25"
"548","1767843879046-304433647-1","2026-01-07 05:44:00","1765649478569-891341182","1765737142511-1005852192","1","2l",\N,\N,\N,\N,\N,\N,\N,\N,"morning","active","2026-01-08 16:12:25","2026-01-08 16:12:25"
"549","1767844387579-304433647-1","2026-01-07 16:52:00","1765649478569-891341182","1765737142511-1005852192","1","1.5l",\N,\N,\N,\N,\N,\N,\N,\N,"evening","active","2026-01-08 16:12:25","2026-01-08 16:12:25"
"550","1767843926164-105408125-1","2026-01-07 05:45:00","1765649478569-891341182","1765737474297-1005852192","1","2l",\N,\N,\N,\N,\N,\N,\N,\N,"morning","active","2026-01-08 16:12:25","2026-01-08 16:12:25"
"551","1767844426508-105408125-1","2026-01-07 16:53:00","1765649478569-891341182","1765737474297-1005852192","1","2l",\N,\N,\N,\N,\N,\N,\N,\N,"evening","active","2026-01-08 16:12:25","2026-01-08 16:12:25"
"552","1767843959603-748017357-1","2026-01-07 05:45:00","1765649478569-891341182","1765737612501-1005852192","1","2l",\N,\N,\N,\N,\N,\N,\N,\N,"morning","active","2026-01-08 16:12:25","2026-01-08 16:12:25"
"553","1767844473511-748017357-1","2026-01-07 16:54:00","1765649478569-891341182","1765737612501-1005852192","1","1.5l",\N,\N,\N,\N,\N,\N,\N,\N,"evening","active","2026-01-08 16:12:25","2026-01-08 16:12:25"
"554","1767843993912-499777460-1","2026-01-07 05:46:00","1765649478569-891341182","1765737750060-1005852192","1","1.5l",\N,\N,\N,\N,\N,\N,\N,\N,"morning","active","2026-01-08 16:12:25","2026-01-08 16:12:25"
"555","1767844518502-499777460-1","2026-01-07 16:54:00","1765649478569-891341182","1765737750060-1005852192","1","2l",\N,\N,\N,\N,\N,\N,\N,\N,"evening","active","2026-01-08 16:12:25","2026-01-08 16:12:25"
"556","1767844032514-516599508-1","2026-01-07 05:46:00","1765649478569-891341182","1765738128976-1005852192","1","1.5l",\N,\N,\N,\N,\N,\N,\N,\N,"morning","active","2026-01-08 16:12:25","2026-01-08 16:12:25"
"557","1767844569983-516599508-1","2026-01-07 16:55:00","1765649478569-891341182","1765738128976-1005852192","1","2l",\N,\N,\N,\N,\N,\N,\N,\N,"evening","active","2026-01-08 16:12:25","2026-01-08 16:12:25"
"558","1767844068651-674806673-1","2026-01-07 05:47:00","1765649478569-891341182","1765738301735-1005852192","1","1.5l",\N,\N,\N,\N,\N,\N,\N,\N,"morning","active","2026-01-08 16:12:25","2026-01-08 16:12:25"
"559","1767844610619-674806673-1","2026-01-07 16:56:00","1765649478569-891341182","1765738301735-1005852192","1","1l",\N,\N,\N,\N,\N,\N,\N,\N,"evening","active","2026-01-08 16:12:25","2026-01-08 16:12:25"
"560","1767844107679-526207589-1","2026-01-07 05:48:00","1765649478569-891341182","1765738482933-1005852192","1","2.5l",\N,\N,\N,\N,\N,\N,\N,\N,"morning","active","2026-01-08 16:12:25","2026-01-08 16:12:25"
"561","1767844660227-526207589-1","2026-01-07 16:57:00","1765649478569-891341182","1765738482933-1005852192","1","1.5l",\N,\N,\N,\N,\N,\N,\N,\N,"evening","active","2026-01-08 16:12:25","2026-01-08 16:12:25"
"562","1767844144217-1072486652-1","2026-01-07 05:48:00","1765649478569-891341182","1765765924324-181506292","1","3.5l",\N,\N,\N,\N,\N,\N,\N,\N,"morning","active","2026-01-08 16:12:25","2026-01-08 16:12:25"
"563","1767844708274-1072486652-1","2026-01-07 16:58:00","1765649478569-891341182","1765765924324-181506292","1","2.5l",\N,\N,\N,\N,\N,\N,\N,\N,"evening","active","2026-01-08 16:12:25","2026-01-08 16:12:25"
"564","1767881410305-936242801-1","2026-01-08 05:09:00","1765649478569-891341182","1765907213619-1005852192","1","1.5l",\N,\N,\N,\N,\N,\N,\N,\N,"morning","active","2026-01-08 21:47:09","2026-01-08 21:47:09"
"565","1767885794498-936242801-1","2026-01-08 16:22:00","1765649478569-891341182","1765907213619-1005852192","1","1l",\N,\N,\N,\N,\N,\N,\N,\N,"evening","active","2026-01-08 21:47:09","2026-01-08 21:47:09"
"566","1767881448583-820205887-1","2026-01-08 05:10:00","1765649478569-891341182","1765736227116-1005852192","1","2l",\N,\N,\N,\N,\N,\N,\N,\N,"morning","active","2026-01-08 21:47:09","2026-01-08 21:47:09"
"567","1767881485341-279143255-1","2026-01-08 05:11:00","1765649478569-891341182","1765764384562-1005852192","1","3l",\N,\N,\N,\N,\N,\N,\N,\N,"morning","active","2026-01-08 21:47:09","2026-01-08 21:47:09"
"568","1767885859471-279143255-1","2026-01-08 16:23:00","1765649478569-891341182","1765764384562-1005852192","1","2l",\N,\N,\N,\N,\N,\N,\N,\N,"evening","active","2026-01-08 21:47:09","2026-01-08 21:47:09"
"569","1767881519086-178418082-1","2026-01-08 05:11:00","1765649478569-891341182","1765736803268-1005852192","1","1l",\N,\N,\N,\N,\N,\N,\N,\N,"morning","active","2026-01-08 21:47:09","2026-01-08 21:47:09"
"570","1767885906044-178418082-1","2026-01-08 16:24:00","1765649478569-891341182","1765736803268-1005852192","1","1l",\N,\N,\N,\N,\N,\N,\N,\N,"evening","active","2026-01-08 21:47:09","2026-01-08 21:47:09"
"571","1767881575038-517287950-1","2026-01-08 05:12:00","1765649478569-891341182","1765737336206-1005852192","1","1l",\N,\N,\N,\N,\N,\N,\N,\N,"morning","active","2026-01-08 21:47:09","2026-01-08 21:47:09"
"572","1767885950293-517287950-1","2026-01-08 16:25:00","1765649478569-891341182","1765737336206-1005852192","1","1l",\N,\N,\N,\N,\N,\N,\N,\N,"evening","active","2026-01-08 21:47:09","2026-01-08 21:47:09"
"573","1767881608470-304433647-1","2026-01-08 05:13:00","1765649478569-891341182","1765737142511-1005852192","1","2l",\N,\N,\N,\N,\N,\N,\N,\N,"morning","active","2026-01-08 21:47:09","2026-01-08 21:47:09"
"574","1767885991636-304433647-1","2026-01-08 16:26:00","1765649478569-891341182","1765737142511-1005852192","1","2l",\N,\N,\N,\N,\N,\N,\N,\N,"evening","active","2026-01-08 21:47:09","2026-01-08 21:47:09"
"575","1767881639190-105408125-1","2026-01-08 05:13:00","1765649478569-891341182","1765737474297-1005852192","1","2l",\N,\N,\N,\N,\N,\N,\N,\N,"morning","active","2026-01-08 21:47:09","2026-01-08 21:47:09"
"576","1767886035539-105408125-1","2026-01-08 16:26:00","1765649478569-891341182","1765737474297-1005852192","1","2l",\N,\N,\N,\N,\N,\N,\N,\N,"evening","active","2026-01-08 21:47:09","2026-01-08 21:47:09"
"577","1767881677419-748017357-1","2026-01-08 05:14:00","1765649478569-891341182","1765737612501-1005852192","1","2.5l",\N,\N,\N,\N,\N,\N,\N,\N,"morning","active","2026-01-08 21:47:09","2026-01-08 21:47:09"
"578","1767886070217-748017357-1","2026-01-08 16:27:00","1765649478569-891341182","1765737612501-1005852192","1","2.5l",\N,\N,\N,\N,\N,\N,\N,\N,"evening","active","2026-01-08 21:47:09","2026-01-08 21:47:09"
"579","1767881709442-499777460-1","2026-01-08 05:14:00","1765649478569-891341182","1765737750060-1005852192","1","2l",\N,\N,\N,\N,\N,\N,\N,\N,"morning","active","2026-01-08 21:47:09","2026-01-08 21:47:09"
"580","1767886110425-499777460-1","2026-01-08 16:28:00","1765649478569-891341182","1765737750060-1005852192","1","2l",\N,\N,\N,\N,\N,\N,\N,\N,"evening","active","2026-01-08 21:47:09","2026-01-08 21:47:09"
"581","1767881750109-516599508-1","2026-01-08 05:15:00","1765649478569-891341182","1765738128976-1005852192","1","1.5l",\N,\N,\N,\N,\N,\N,\N,\N,"morning","active","2026-01-08 21:47:09","2026-01-08 21:47:09"
"582","1767886149471-516599508-1","2026-01-08 16:28:00","1765649478569-891341182","1765738128976-1005852192","1","1.5l",\N,\N,\N,\N,\N,\N,\N,\N,"evening","active","2026-01-08 21:47:09","2026-01-08 21:47:09"
"583","1767881782564-674806673-1","2026-01-08 05:16:00","1765649478569-891341182","1765738301735-1005852192","1","1l",\N,\N,\N,\N,\N,\N,\N,\N,"morning","active","2026-01-08 21:47:09","2026-01-08 21:47:09"
"584","1767886184859-674806673-1","2026-01-08 16:29:00","1765649478569-891341182","1765738301735-1005852192","1","1.5l",\N,\N,\N,\N,\N,\N,\N,\N,"evening","active","2026-01-08 21:47:09","2026-01-08 21:47:09"
"585","1767881813070-526207589-1","2026-01-08 05:16:00","1765649478569-891341182","1765738482933-1005852192","1","1.5l",\N,\N,\N,\N,\N,\N,\N,\N,"morning","active","2026-01-08 21:47:09","2026-01-08 21:47:09"
"586","1767886224654-526207589-1","2026-01-08 16:30:00","1765649478569-891341182","1765738482933-1005852192","1","1l",\N,\N,\N,\N,\N,\N,\N,\N,"evening","active","2026-01-08 21:47:09","2026-01-08 21:47:09"
"587","1767881852573-1072486652-1","2026-01-08 05:17:00","1765649478569-891341182","1765765924324-181506292","1","2.5l",\N,\N,\N,\N,\N,\N,\N,\N,"morning","active","2026-01-08 21:47:09","2026-01-08 21:47:09"
"588","1767886265567-1072486652-1","2026-01-08 16:30:00","1765649478569-891341182","1765765924324-181506292","1","2.5l",\N,\N,\N,\N,\N,\N,\N,\N,"evening","active","2026-01-08 21:47:09","2026-01-08 21:47:09"
"589","1767966724892-936242801-1","2026-01-09 05:51:00","1765649478569-891341182","1765907213619-1005852192","1","1.5l",\N,\N,\N,\N,\N,\N,\N,\N,"morning","active","2026-01-09 21:04:56","2026-01-09 21:04:56"
"590","1767969822284-936242801-1","2026-01-09 16:43:00","1765649478569-891341182","1765907213619-1005852192","1","1.5l",\N,\N,\N,\N,\N,\N,\N,\N,"evening","active","2026-01-09 21:04:56","2026-01-09 21:04:56"
"591","1767966762671-820205887-1","2026-01-09 05:52:00","1765649478569-891341182","1765736227116-1005852192","1","1.5l",\N,\N,\N,\N,\N,\N,\N,\N,"morning","active","2026-01-09 21:04:56","2026-01-09 21:04:56"
"592","1767966801174-279143255-1","2026-01-09 05:52:00","1765649478569-891341182","1765764384562-1005852192","1","3l",\N,\N,\N,\N,\N,\N,\N,\N,"morning","active","2026-01-09 21:04:56","2026-01-09 21:04:56"
"593","1767969863308-279143255-1","2026-01-09 16:44:00","1765649478569-891341182","1765764384562-1005852192","1","2l",\N,\N,\N,\N,\N,\N,\N,\N,"evening","active","2026-01-09 21:04:56","2026-01-09 21:04:56"
"594","1767966835568-178418082-1","2026-01-09 05:53:00","1765649478569-891341182","1765736803268-1005852192","1","1l",\N,\N,\N,\N,\N,\N,\N,\N,"morning","active","2026-01-09 21:04:56","2026-01-09 21:04:56"
"595","1767969902076-178418082-1","2026-01-09 16:44:00","1765649478569-891341182","1765736803268-1005852192","1","1l",\N,\N,\N,\N,\N,\N,\N,\N,"evening","active","2026-01-09 21:04:56","2026-01-09 21:04:56"
"596","1767966877660-517287950-1","2026-01-09 05:54:00","1765649478569-891341182","1765737336206-1005852192","1","1.5l",\N,\N,\N,\N,\N,\N,\N,\N,"morning","active","2026-01-09 21:04:56","2026-01-09 21:04:56"
"597","1767969942472-517287950-1","2026-01-09 16:45:00","1765649478569-891341182","1765737336206-1005852192","1","1l",\N,\N,\N,\N,\N,\N,\N,\N,"evening","active","2026-01-09 21:04:56","2026-01-09 21:04:56"
"598","1767966907963-304433647-1","2026-01-09 05:54:00","1765649478569-891341182","1765737142511-1005852192","1","2l",\N,\N,\N,\N,\N,\N,\N,\N,"morning","active","2026-01-09 21:04:56","2026-01-09 21:04:56"
"599","1767969978081-304433647-1","2026-01-09 16:45:00","1765649478569-891341182","1765737142511-1005852192","1","1l",\N,\N,\N,\N,\N,\N,\N,\N,"evening","active","2026-01-09 21:04:56","2026-01-09 21:04:56"
"600","1767966942001-105408125-1","2026-01-09 05:55:00","1765649478569-891341182","1765737474297-1005852192","1","2.5l",\N,\N,\N,\N,\N,\N,\N,\N,"morning","active","2026-01-09 21:04:56","2026-01-09 21:04:56"
"601","1767970018560-105408125-1","2026-01-09 16:46:00","1765649478569-891341182","1765737474297-1005852192","1","1.5l",\N,\N,\N,\N,\N,\N,\N,\N,"evening","active","2026-01-09 21:04:56","2026-01-09 21:04:56"
"602","1767966976834-748017357-1","2026-01-09 05:55:00","1765649478569-891341182","1765737612501-1005852192","1","2.5l",\N,\N,\N,\N,\N,\N,\N,\N,"morning","active","2026-01-09 21:04:56","2026-01-09 21:04:56"
"603","1767970049273-748017357-1","2026-01-09 16:47:00","1765649478569-891341182","1765737612501-1005852192","1","1.5l",\N,\N,\N,\N,\N,\N,\N,\N,"evening","active","2026-01-09 21:04:56","2026-01-09 21:04:56"
"604","1767967009743-499777460-1","2026-01-09 05:56:00","1765649478569-891341182","1765737750060-1005852192","1","2.5l",\N,\N,\N,\N,\N,\N,\N,\N,"morning","active","2026-01-09 21:04:56","2026-01-09 21:04:56"
"605","1767970087866-499777460-1","2026-01-09 16:47:00","1765649478569-891341182","1765737750060-1005852192","1","1.5l",\N,\N,\N,\N,\N,\N,\N,\N,"evening","active","2026-01-09 21:04:56","2026-01-09 21:04:56"
"606","1767967042414-516599508-1","2026-01-09 05:57:00","1765649478569-891341182","1765738128976-1005852192","1","2l",\N,\N,\N,\N,\N,\N,\N,\N,"morning","active","2026-01-09 21:04:56","2026-01-09 21:04:56"
"607","1767970126232-516599508-1","2026-01-09 16:48:00","1765649478569-891341182","1765738128976-1005852192","1","1.5l",\N,\N,\N,\N,\N,\N,\N,\N,"evening","active","2026-01-09 21:04:56","2026-01-09 21:04:56"
"608","1767967073380-674806673-1","2026-01-09 05:57:00","1765649478569-891341182","1765738301735-1005852192","1","1.5l",\N,\N,\N,\N,\N,\N,\N,\N,"morning","active","2026-01-09 21:04:56","2026-01-09 21:04:56"
"609","1767970158024-674806673-1","2026-01-09 16:48:00","1765649478569-891341182","1765738301735-1005852192","1","1l",\N,\N,\N,\N,\N,\N,\N,\N,"evening","active","2026-01-09 21:04:56","2026-01-09 21:04:56"
"610","1767967108537-526207589-1","2026-01-09 05:58:00","1765649478569-891341182","1765738482933-1005852192","1","1.5l",\N,\N,\N,\N,\N,\N,\N,\N,"morning","active","2026-01-09 21:04:56","2026-01-09 21:04:56"
"611","1767970190907-526207589-1","2026-01-09 16:49:00","1765649478569-891341182","1765738482933-1005852192","1","1.5l",\N,\N,\N,\N,\N,\N,\N,\N,"evening","active","2026-01-09 21:04:56","2026-01-09 21:04:56"
"612","1767967154369-1072486652-1","2026-01-09 05:58:00","1765649478569-891341182","1765765924324-181506292","1","2.5l",\N,\N,\N,\N,\N,\N,\N,\N,"morning","active","2026-01-09 21:04:56","2026-01-09 21:04:56"
"613","1767970230924-1072486652-1","2026-01-09 16:50:00","1765649478569-891341182","1765765924324-181506292","1","2l",\N,\N,\N,\N,\N,\N,\N,\N,"evening","active","2026-01-09 21:04:56","2026-01-09 21:04:56"
"614","1768016418137-936242801-1","2026-01-10 05:39:00","1765649478569-891341182","1765907213619-1005852192","1","1.5l",\N,\N,\N,\N,\N,\N,\N,\N,"morning","active","2026-01-10 20:39:52","2026-01-10 20:39:52"
"615","1768057590061-936242801-1","2026-01-10 16:06:00","1765649478569-891341182","1765907213619-1005852192","1","1.5l",\N,\N,\N,\N,\N,\N,\N,\N,"evening","active","2026-01-10 20:39:52","2026-01-10 20:39:52"
"616","1768016553551-820205887-1","2026-01-10 05:41:00","1765649478569-891341182","1765736227116-1005852192","1","1l",\N,\N,\N,\N,\N,\N,\N,\N,"morning","active","2026-01-10 20:39:52","2026-01-10 20:39:52"
"617","1768016783373-279143255-1","2026-01-10 05:43:00","1765649478569-891341182","1765764384562-1005852192","1","3l",\N,\N,\N,\N,\N,\N,\N,\N,"morning","active","2026-01-10 20:39:52","2026-01-10 20:39:52"
"618","1768057619120-279143255-1","2026-01-10 16:06:00","1765649478569-891341182","1765764384562-1005852192","1","3l",\N,\N,\N,\N,\N,\N,\N,\N,"evening","active","2026-01-10 20:39:52","2026-01-10 20:39:52"
"619","1768016815096-178418082-1","2026-01-10 05:46:00","1765649478569-891341182","1765736803268-1005852192","1","1l",\N,\N,\N,\N,\N,\N,\N,\N,"morning","active","2026-01-10 20:39:52","2026-01-10 20:39:52"
"620","1768057653326-178418082-1","2026-01-10 16:07:00","1765649478569-891341182","1765736803268-1005852192","1","1l",\N,\N,\N,\N,\N,\N,\N,\N,"evening","active","2026-01-10 20:39:52","2026-01-10 20:39:52"
"621","1768016850214-304433647-1","2026-01-10 05:47:00","1765649478569-891341182","1765737142511-1005852192","1","1.5l",\N,\N,\N,\N,\N,\N,\N,\N,"morning","active","2026-01-10 20:39:52","2026-01-10 20:39:52"
"622","1768057687395-304433647-1","2026-01-10 16:07:00","1765649478569-891341182","1765737142511-1005852192","1","2l",\N,\N,\N,\N,\N,\N,\N,\N,"evening","active","2026-01-10 20:39:52","2026-01-10 20:39:52"
"623","1768016901787-517287950-1","2026-01-10 05:48:00","1765649478569-891341182","1765737336206-1005852192","1","1.5l",\N,\N,\N,\N,\N,\N,\N,\N,"morning","active","2026-01-10 20:39:52","2026-01-10 20:39:52"
"624","1768057723462-517287950-1","2026-01-10 16:08:00","1765649478569-891341182","1765737336206-1005852192","1","2l",\N,\N,\N,\N,\N,\N,\N,\N,"evening","active","2026-01-10 20:39:52","2026-01-10 20:39:52"
"625","1768016954596-105408125-1","2026-01-10 05:48:00","1765649478569-891341182","1765737474297-1005852192","1","2l",\N,\N,\N,\N,\N,\N,\N,\N,"morning","active","2026-01-10 20:39:52","2026-01-10 20:39:52"
"626","1768057759283-105408125-1","2026-01-10 16:09:00","1765649478569-891341182","1765737474297-1005852192","1","2l",\N,\N,\N,\N,\N,\N,\N,\N,"evening","active","2026-01-10 20:39:52","2026-01-10 20:39:52"
"627","1768016988188-748017357-1","2026-01-10 05:49:00","1765649478569-891341182","1765737612501-1005852192","1","2.5l",\N,\N,\N,\N,\N,\N,\N,\N,"morning","active","2026-01-10 20:39:52","2026-01-10 20:39:52"
"628","1768057793712-748017357-1","2026-01-10 16:09:00","1765649478569-891341182","1765737612501-1005852192","1","2.5l",\N,\N,\N,\N,\N,\N,\N,\N,"evening","active","2026-01-10 20:39:52","2026-01-10 20:39:52"
"629","1768017022790-499777460-1","2026-01-10 05:50:00","1765649478569-891341182","1765737750060-1005852192","1","2l",\N,\N,\N,\N,\N,\N,\N,\N,"morning","active","2026-01-10 20:39:52","2026-01-10 20:39:52"
"630","1768057828964-499777460-1","2026-01-10 16:10:00","1765649478569-891341182","1765737750060-1005852192","1","2.5l",\N,\N,\N,\N,\N,\N,\N,\N,"evening","active","2026-01-10 20:39:52","2026-01-10 20:39:52"
"631","1768017053566-516599508-1","2026-01-10 05:50:00","1765649478569-891341182","1765738128976-1005852192","1","2l",\N,\N,\N,\N,\N,\N,\N,\N,"morning","active","2026-01-10 20:39:52","2026-01-10 20:39:52"
"632","1768057863790-516599508-1","2026-01-10 16:10:00","1765649478569-891341182","1765738128976-1005852192","1","2l",\N,\N,\N,\N,\N,\N,\N,\N,"evening","active","2026-01-10 20:39:52","2026-01-10 20:39:52"
"633","1768017085209-674806673-1","2026-01-10 05:51:00","1765649478569-891341182","1765738301735-1005852192","1","1l",\N,\N,\N,\N,\N,\N,\N,\N,"morning","active","2026-01-10 20:39:52","2026-01-10 20:39:52"
"634","1768057894767-674806673-1","2026-01-10 16:11:00","1765649478569-891341182","1765738301735-1005852192","1","1.5l",\N,\N,\N,\N,\N,\N,\N,\N,"evening","active","2026-01-10 20:39:52","2026-01-10 20:39:52"
"635","1768017116754-526207589-1","2026-01-10 05:51:00","1765649478569-891341182","1765738482933-1005852192","1","1l",\N,\N,\N,\N,\N,\N,\N,\N,"morning","active","2026-01-10 20:39:52","2026-01-10 20:39:52"
"636","1768057931767-526207589-1","2026-01-10 16:11:00","1765649478569-891341182","1765738482933-1005852192","1","1.5l",\N,\N,\N,\N,\N,\N,\N,\N,"evening","active","2026-01-10 20:39:52","2026-01-10 20:39:52"
"637","1768017149908-1072486652-1","2026-01-10 05:52:00","1765649478569-891341182","1765765924324-181506292","1","2.5l",\N,\N,\N,\N,\N,\N,\N,\N,"morning","active","2026-01-10 20:39:52","2026-01-10 20:39:52"
"638","1768057969614-1072486652-1","2026-01-10 16:12:00","1765649478569-891341182","1765765924324-181506292","1","2.5l",\N,\N,\N,\N,\N,\N,\N,\N,"evening","active","2026-01-10 20:39:52","2026-01-10 20:39:52"
"639","1768145545590-936242801-1","2026-01-11 05:32:00","1765649478569-891341182","1765907213619-1005852192","1","2l",\N,\N,\N,\N,\N,\N,\N,\N,"morning","active","2026-01-11 19:35:50","2026-01-11 19:35:50"
"640","1768146057107-936242801-1","2026-01-11 16:40:00","1765649478569-891341182","1765907213619-1005852192","1","1.5l",\N,\N,\N,\N,\N,\N,\N,\N,"evening","active","2026-01-11 19:35:50","2026-01-11 19:35:50"
"641","1768145577218-820205887-1","2026-01-11 05:32:00","1765649478569-891341182","1765736227116-1005852192","1","2l",\N,\N,\N,\N,\N,\N,\N,\N,"morning","active","2026-01-11 19:35:50","2026-01-11 19:35:50"
"642","1768145623234-279143255-1","2026-01-11 05:33:00","1765649478569-891341182","1765764384562-1005852192","1","3.5l",\N,\N,\N,\N,\N,\N,\N,\N,"morning","active","2026-01-11 19:35:50","2026-01-11 19:35:50"
"643","1768146100012-279143255-1","2026-01-11 16:41:00","1765649478569-891341182","1765764384562-1005852192","1","2.5l",\N,\N,\N,\N,\N,\N,\N,\N,"evening","active","2026-01-11 19:35:50","2026-01-11 19:35:50"
"644","1768145657638-178418082-1","2026-01-11 05:33:00","1765649478569-891341182","1765736803268-1005852192","1","1.5l",\N,\N,\N,\N,\N,\N,\N,\N,"morning","active","2026-01-11 19:35:50","2026-01-11 19:35:50"
"645","1768146134077-178418082-1","2026-01-11 16:41:00","1765649478569-891341182","1765736803268-1005852192","1","1.5l",\N,\N,\N,\N,\N,\N,\N,\N,"evening","active","2026-01-11 19:35:50","2026-01-11 19:35:50"
"646","1768145702944-517287950-1","2026-01-11 05:34:00","1765649478569-891341182","1765737336206-1005852192","1","1.5l",\N,\N,\N,\N,\N,\N,\N,\N,"morning","active","2026-01-11 19:35:50","2026-01-11 19:35:50"
"647","1768146180498-517287950-1","2026-01-11 16:42:00","1765649478569-891341182","1765737336206-1005852192","1","1.5l",\N,\N,\N,\N,\N,\N,\N,\N,"evening","active","2026-01-11 19:35:50","2026-01-11 19:35:50"
"648","1768145738380-304433647-1","2026-01-11 05:35:00","1765649478569-891341182","1765737142511-1005852192","1","2.5l",\N,\N,\N,\N,\N,\N,\N,\N,"morning","active","2026-01-11 19:35:50","2026-01-11 19:35:50"
"649","1768146225077-304433647-1","2026-01-11 16:43:00","1765649478569-891341182","1765737142511-1005852192","1","1.5l",\N,\N,\N,\N,\N,\N,\N,\N,"evening","active","2026-01-11 19:35:50","2026-01-11 19:35:50"
"650","1768145827119-105408125-1","2026-01-11 05:36:00","1765649478569-891341182","1765737474297-1005852192","1","2.5l",\N,\N,\N,\N,\N,\N,\N,\N,"morning","active","2026-01-11 19:35:50","2026-01-11 19:35:50"
"651","1768146256169-105408125-1","2026-01-11 16:43:00","1765649478569-891341182","1765737474297-1005852192","1","1.5l",\N,\N,\N,\N,\N,\N,\N,\N,"evening","active","2026-01-11 19:35:50","2026-01-11 19:35:50"
"652","1768145853970-748017357-1","2026-01-11 05:37:00","1765649478569-891341182","1765737612501-1005852192","1","2.5l",\N,\N,\N,\N,\N,\N,\N,\N,"morning","active","2026-01-11 19:35:50","2026-01-11 19:35:50"
"653","1768146289809-748017357-1","2026-01-11 16:44:00","1765649478569-891341182","1765737612501-1005852192","1","2l",\N,\N,\N,\N,\N,\N,\N,\N,"evening","active","2026-01-11 19:35:50","2026-01-11 19:35:50"
"654","1768145887447-499777460-1","2026-01-11 05:37:00","1765649478569-891341182","1765737750060-1005852192","1","3l",\N,\N,\N,\N,\N,\N,\N,\N,"morning","active","2026-01-11 19:35:50","2026-01-11 19:35:50"
"655","1768146330297-499777460-1","2026-01-11 16:45:00","1765649478569-891341182","1765737750060-1005852192","1","3l",\N,\N,\N,\N,\N,\N,\N,\N,"evening","active","2026-01-11 19:35:50","2026-01-11 19:35:50"
"656","1768145922869-516599508-1","2026-01-11 05:38:00","1765649478569-891341182","1765738128976-1005852192","1","2l",\N,\N,\N,\N,\N,\N,\N,\N,"morning","active","2026-01-11 19:35:50","2026-01-11 19:35:50"
"657","1768146369328-516599508-1","2026-01-11 16:45:00","1765649478569-891341182","1765738128976-1005852192","1","1.5l",\N,\N,\N,\N,\N,\N,\N,\N,"evening","active","2026-01-11 19:35:50","2026-01-11 19:35:50"
"658","1768145953928-674806673-1","2026-01-11 05:38:00","1765649478569-891341182","1765738301735-1005852192","1","1.5l",\N,\N,\N,\N,\N,\N,\N,\N,"morning","active","2026-01-11 19:35:50","2026-01-11 19:35:50"
"659","1768146400426-674806673-1","2026-01-11 16:46:00","1765649478569-891341182","1765738301735-1005852192","1","1l",\N,\N,\N,\N,\N,\N,\N,\N,"evening","active","2026-01-11 19:35:50","2026-01-11 19:35:50"
"660","1768145989877-526207589-1","2026-01-11 05:39:00","1765649478569-891341182","1765738482933-1005852192","1","1.5l",\N,\N,\N,\N,\N,\N,\N,\N,"morning","active","2026-01-11 19:35:50","2026-01-11 19:35:50"
"661","1768146433076-526207589-1","2026-01-11 16:46:00","1765649478569-891341182","1765738482933-1005852192","1","1.5l",\N,\N,\N,\N,\N,\N,\N,\N,"evening","active","2026-01-11 19:35:50","2026-01-11 19:35:50"
"662","1768146023930-1072486652-1","2026-01-11 05:40:00","1765649478569-891341182","1765765924324-181506292","1","2.5l",\N,\N,\N,\N,\N,\N,\N,\N,"morning","active","2026-01-11 19:35:50","2026-01-11 19:35:50"
"663","1768146467382-1072486652-1","2026-01-11 16:47:00","1765649478569-891341182","1765765924324-181506292","1","1.5l",\N,\N,\N,\N,\N,\N,\N,\N,"evening","active","2026-01-11 19:35:50","2026-01-11 19:35:50"
"664","1768241732035-936242801-1","2026-01-12 05:15:00","1765649478569-891341182","1765907213619-1005852192","1","2.5l",\N,\N,\N,\N,\N,\N,\N,\N,"morning","active","2026-01-13 19:24:33","2026-01-13 19:24:33"
"665","1768242186526-936242801-1","2026-01-12 16:22:00","1765649478569-891341182","1765907213619-1005852192","1","1.5l",\N,\N,\N,\N,\N,\N,\N,\N,"evening","active","2026-01-13 19:24:33","2026-01-13 19:24:33"
"666","1768277683888-936242801-1","2026-01-13 05:14:00","1765649478569-891341182","1765907213619-1005852192","1","2l",\N,\N,\N,\N,\N,\N,\N,\N,"morning","active","2026-01-13 19:24:33","2026-01-13 19:24:33"
"667","1768317757818-936242801-1","2026-01-13 16:22:00","1765649478569-891341182","1765907213619-1005852192","1","1.5l",\N,\N,\N,\N,\N,\N,\N,\N,"evening","active","2026-01-13 19:24:33","2026-01-13 19:24:33"
"668","1768241773645-820205887-1","2026-01-12 05:15:00","1765649478569-891341182","1765736227116-1005852192","1","1.5l",\N,\N,\N,\N,\N,\N,\N,\N,"morning","active","2026-01-13 19:24:33","2026-01-13 19:24:33"
"669","1768277726011-820205887-1","2026-01-13 05:15:00","1765649478569-891341182","1765736227116-1005852192","1","1.5l",\N,\N,\N,\N,\N,\N,\N,\N,"morning","active","2026-01-13 19:24:33","2026-01-13 19:24:33"
"670","1768241819861-279143255-1","2026-01-12 05:16:00","1765649478569-891341182","1765764384562-1005852192","1","3.5l",\N,\N,\N,\N,\N,\N,\N,\N,"morning","active","2026-01-13 19:24:33","2026-01-13 19:24:33"
"671","1768242227920-279143255-1","2026-01-12 16:23:00","1765649478569-891341182","1765764384562-1005852192","1","2.5l",\N,\N,\N,\N,\N,\N,\N,\N,"evening","active","2026-01-13 19:24:33","2026-01-13 19:24:33"
"672","1768277760271-279143255-1","2026-01-13 05:15:00","1765649478569-891341182","1765764384562-1005852192","1","3.5l",\N,\N,\N,\N,\N,\N,\N,\N,"morning","active","2026-01-13 19:24:33","2026-01-13 19:24:33"
"673","1768317793170-279143255-1","2026-01-13 16:22:00","1765649478569-891341182","1765764384562-1005852192","1","3l",\N,\N,\N,\N,\N,\N,\N,\N,"evening","active","2026-01-13 19:24:33","2026-01-13 19:24:33"
"674","1768241850471-178418082-1","2026-01-12 05:17:00","1765649478569-891341182","1765736803268-1005852192","1","1l",\N,\N,\N,\N,\N,\N,\N,\N,"morning","active","2026-01-13 19:24:33","2026-01-13 19:24:33"
"675","1768242267902-178418082-1","2026-01-12 16:24:00","1765649478569-891341182","1765736803268-1005852192","1","1l",\N,\N,\N,\N,\N,\N,\N,\N,"evening","active","2026-01-13 19:24:33","2026-01-13 19:24:33"
"676","1768277791280-178418082-1","2026-01-13 05:16:00","1765649478569-891341182","1765736803268-1005852192","1","1l",\N,\N,\N,\N,\N,\N,\N,\N,"morning","active","2026-01-13 19:24:33","2026-01-13 19:24:33"
"677","1768317829243-178418082-1","2026-01-13 16:23:00","1765649478569-891341182","1765736803268-1005852192","1","1.5l",\N,\N,\N,\N,\N,\N,\N,\N,"evening","active","2026-01-13 19:24:33","2026-01-13 19:24:33"
"678","1768241889736-517287950-1","2026-01-12 05:17:00","1765649478569-891341182","1765737336206-1005852192","1","1.5l",\N,\N,\N,\N,\N,\N,\N,\N,"morning","active","2026-01-13 19:24:33","2026-01-13 19:24:33"
"679","1768242323760-517287950-1","2026-01-12 16:24:00","1765649478569-891341182","1765737336206-1005852192","1","1.5l",\N,\N,\N,\N,\N,\N,\N,\N,"evening","active","2026-01-13 19:24:33","2026-01-13 19:24:33"
"680","1768277833934-517287950-1","2026-01-13 05:17:00","1765649478569-891341182","1765737336206-1005852192","1","1.5l",\N,\N,\N,\N,\N,\N,\N,\N,"morning","active","2026-01-13 19:24:33","2026-01-13 19:24:33"
"681","1768317885154-517287950-1","2026-01-13 16:24:00","1765649478569-891341182","1765737336206-1005852192","1","1.5l",\N,\N,\N,\N,\N,\N,\N,\N,"evening","active","2026-01-13 19:24:33","2026-01-13 19:24:33"
"682","1768241923378-304433647-1","2026-01-12 05:18:00","1765649478569-891341182","1765737142511-1005852192","1","2l",\N,\N,\N,\N,\N,\N,\N,\N,"morning","active","2026-01-13 19:24:33","2026-01-13 19:24:33"
"683","1768242361559-304433647-1","2026-01-12 16:25:00","1765649478569-891341182","1765737142511-1005852192","1","1.5l",\N,\N,\N,\N,\N,\N,\N,\N,"evening","active","2026-01-13 19:24:33","2026-01-13 19:24:33"
"684","1768277862700-304433647-1","2026-01-13 05:17:00","1765649478569-891341182","1765737142511-1005852192","1","2l",\N,\N,\N,\N,\N,\N,\N,\N,"morning","active","2026-01-13 19:24:33","2026-01-13 19:24:33"
"685","1768317920817-304433647-1","2026-01-13 16:25:00","1765649478569-891341182","1765737142511-1005852192","1","2l",\N,\N,\N,\N,\N,\N,\N,\N,"evening","active","2026-01-13 19:24:33","2026-01-13 19:24:33"
"686","1768241962853-105408125-1","2026-01-12 05:19:00","1765649478569-891341182","1765737474297-1005852192","1","2.5l",\N,\N,\N,\N,\N,\N,\N,\N,"morning","active","2026-01-13 19:24:33","2026-01-13 19:24:33"
"687","1768242403130-105408125-1","2026-01-12 16:26:00","1765649478569-891341182","1765737474297-1005852192","1","2l",\N,\N,\N,\N,\N,\N,\N,\N,"evening","active","2026-01-13 19:24:33","2026-01-13 19:24:33"
"688","1768277897416-105408125-1","2026-01-13 05:18:00","1765649478569-891341182","1765737474297-1005852192","1","2.5l",\N,\N,\N,\N,\N,\N,\N,\N,"morning","active","2026-01-13 19:24:33","2026-01-13 19:24:33"
"689","1768317956442-105408125-1","2026-01-13 16:25:00","1765649478569-891341182","1765737474297-1005852192","1","2.5l",\N,\N,\N,\N,\N,\N,\N,\N,"evening","active","2026-01-13 19:24:33","2026-01-13 19:24:33"
"690","1768241991195-748017357-1","2026-01-12 05:19:00","1765649478569-891341182","1765737612501-1005852192","1","3l",\N,\N,\N,\N,\N,\N,\N,\N,"morning","active","2026-01-13 19:24:33","2026-01-13 19:24:33"
"691","1768242444791-748017357-1","2026-01-12 16:26:00","1765649478569-891341182","1765737612501-1005852192","1","2l",\N,\N,\N,\N,\N,\N,\N,\N,"evening","active","2026-01-13 19:24:33","2026-01-13 19:24:33"
"692","1768277922746-748017357-1","2026-01-13 05:18:00","1765649478569-891341182","1765737612501-1005852192","1","2l",\N,\N,\N,\N,\N,\N,\N,\N,"morning","active","2026-01-13 19:24:33","2026-01-13 19:24:33"
"693","1768317986044-748017357-1","2026-01-13 16:26:00","1765649478569-891341182","1765737612501-1005852192","1","2l",\N,\N,\N,\N,\N,\N,\N,\N,"evening","active","2026-01-13 19:24:33","2026-01-13 19:24:33"
"694","1768242022982-499777460-1","2026-01-12 05:20:00","1765649478569-891341182","1765737750060-1005852192","1","3l",\N,\N,\N,\N,\N,\N,\N,\N,"morning","active","2026-01-13 19:24:33","2026-01-13 19:24:33"
"695","1768242489432-499777460-1","2026-01-12 16:27:00","1765649478569-891341182","1765737750060-1005852192","1","1.5l",\N,\N,\N,\N,\N,\N,\N,\N,"evening","active","2026-01-13 19:24:33","2026-01-13 19:24:33"
"696","1768277949489-499777460-1","2026-01-13 05:18:00","1765649478569-891341182","1765737750060-1005852192","1","2.5l",\N,\N,\N,\N,\N,\N,\N,\N,"morning","active","2026-01-13 19:24:33","2026-01-13 19:24:33"
"697","1768318017631-499777460-1","2026-01-13 16:26:00","1765649478569-891341182","1765737750060-1005852192","1","2.5l",\N,\N,\N,\N,\N,\N,\N,\N,"evening","active","2026-01-13 19:24:33","2026-01-13 19:24:33"
"698","1768242055755-516599508-1","2026-01-12 05:20:00","1765649478569-891341182","1765738128976-1005852192","1","2l",\N,\N,\N,\N,\N,\N,\N,\N,"morning","active","2026-01-13 19:24:33","2026-01-13 19:24:33"
"699","1768242525529-516599508-1","2026-01-12 16:28:00","1765649478569-891341182","1765738128976-1005852192","1","1.5l",\N,\N,\N,\N,\N,\N,\N,\N,"evening","active","2026-01-13 19:24:33","2026-01-13 19:24:33"
"700","1768277979209-516599508-1","2026-01-13 05:19:00","1765649478569-891341182","1765738128976-1005852192","1","1.5l",\N,\N,\N,\N,\N,\N,\N,\N,"morning","active","2026-01-13 19:24:33","2026-01-13 19:24:33"
"701","1768318051096-516599508-1","2026-01-13 16:27:00","1765649478569-891341182","1765738128976-1005852192","1","2l",\N,\N,\N,\N,\N,\N,\N,\N,"evening","active","2026-01-13 19:24:33","2026-01-13 19:24:33"
"702","1768242087150-674806673-1","2026-01-12 05:21:00","1765649478569-891341182","1765738301735-1005852192","1","1.5l",\N,\N,\N,\N,\N,\N,\N,\N,"morning","active","2026-01-13 19:24:33","2026-01-13 19:24:33"
"703","1768242576987-674806673-1","2026-01-12 16:29:00","1765649478569-891341182","1765738301735-1005852192","1","1l",\N,\N,\N,\N,\N,\N,\N,\N,"evening","active","2026-01-13 19:24:33","2026-01-13 19:24:33"
"704","1768278010381-674806673-1","2026-01-13 05:19:00","1765649478569-891341182","1765738301735-1005852192","1","1.5l",\N,\N,\N,\N,\N,\N,\N,\N,"morning","active","2026-01-13 19:24:33","2026-01-13 19:24:33"
"705","1768318090655-674806673-1","2026-01-13 16:27:00","1765649478569-891341182","1765738301735-1005852192","1","1.5l",\N,\N,\N,\N,\N,\N,\N,\N,"evening","active","2026-01-13 19:24:33","2026-01-13 19:24:33"
"706","1768242113592-526207589-1","2026-01-12 05:21:00","1765649478569-891341182","1765738482933-1005852192","1","1.5l",\N,\N,\N,\N,\N,\N,\N,\N,"morning","active","2026-01-13 19:24:33","2026-01-13 19:24:33"
"707","1768242609348-526207589-1","2026-01-12 16:29:00","1765649478569-891341182","1765738482933-1005852192","1","1l",\N,\N,\N,\N,\N,\N,\N,\N,"evening","active","2026-01-13 19:24:33","2026-01-13 19:24:33"
"708","1768278038043-526207589-1","2026-01-13 05:20:00","1765649478569-891341182","1765738482933-1005852192","1","1.5l",\N,\N,\N,\N,\N,\N,\N,\N,"morning","active","2026-01-13 19:24:33","2026-01-13 19:24:33"
"709","1768318127051-526207589-1","2026-01-13 16:28:00","1765649478569-891341182","1765738482933-1005852192","1","1.5l",\N,\N,\N,\N,\N,\N,\N,\N,"evening","active","2026-01-13 19:24:33","2026-01-13 19:24:33"
"710","1768242149314-1072486652-1","2026-01-12 05:22:00","1765649478569-891341182","1765765924324-181506292","1","3l",\N,\N,\N,\N,\N,\N,\N,\N,"morning","active","2026-01-13 19:24:33","2026-01-13 19:24:33"
"711","1768242645306-1072486652-1","2026-01-12 16:30:00","1765649478569-891341182","1765765924324-181506292","1","2l",\N,\N,\N,\N,\N,\N,\N,\N,"evening","active","2026-01-13 19:24:33","2026-01-13 19:24:33"
"712","1768278069236-1072486652-1","2026-01-13 05:20:00","1765649478569-891341182","1765765924324-181506292","1","3l",\N,\N,\N,\N,\N,\N,\N,\N,"morning","active","2026-01-13 19:24:33","2026-01-13 19:24:33"
"713","1768318167677-1072486652-1","2026-01-13 16:29:00","1765649478569-891341182","1765765924324-181506292","1","2.5l",\N,\N,\N,\N,\N,\N,\N,\N,"evening","active","2026-01-13 19:24:33","2026-01-13 19:24:33"
"714","1768405151993-936242801-1","2026-01-14 05:38:00","1765649478569-891341182","1765907213619-1005852192","1","2.5l",\N,\N,\N,\N,\N,\N,\N,\N,"morning","active","2026-01-14 20:45:26","2026-01-14 20:45:26"
"715","1768405642247-936242801-1","2026-01-14 05:47:00","1765649478569-891341182","1765907213619-1005852192","1","1.5l",\N,\N,\N,\N,\N,\N,\N,\N,"morning","active","2026-01-14 20:45:26","2026-01-14 20:45:26"
"716","1768405189057-820205887-1","2026-01-14 05:39:00","1765649478569-891341182","1765736227116-1005852192","1","1.5l",\N,\N,\N,\N,\N,\N,\N,\N,"morning","active","2026-01-14 20:45:26","2026-01-14 20:45:26"
"717","1768405223601-279143255-1","2026-01-14 05:40:00","1765649478569-891341182","1765764384562-1005852192","1","3.5l",\N,\N,\N,\N,\N,\N,\N,\N,"morning","active","2026-01-14 20:45:26","2026-01-14 20:45:26"
"718","1768405704559-279143255-1","2026-01-14 16:47:00","1765649478569-891341182","1765764384562-1005852192","1","3.5l",\N,\N,\N,\N,\N,\N,\N,\N,"evening","active","2026-01-14 20:45:26","2026-01-14 20:45:26"
"719","1768405257318-178418082-1","2026-01-14 05:40:00","1765649478569-891341182","1765736803268-1005852192","1","1.5l",\N,\N,\N,\N,\N,\N,\N,\N,"morning","active","2026-01-14 20:45:26","2026-01-14 20:45:26"
"720","1768405760641-178418082-1","2026-01-14 16:48:00","1765649478569-891341182","1765736803268-1005852192","1","1l",\N,\N,\N,\N,\N,\N,\N,\N,"evening","active","2026-01-14 20:45:26","2026-01-14 20:45:26"
"721","1768405286907-304433647-1","2026-01-14 05:41:00","1765649478569-891341182","1765737142511-1005852192","1","1.5l",\N,\N,\N,\N,\N,\N,\N,\N,"morning","active","2026-01-14 20:45:26","2026-01-14 20:45:26"
"722","1768405837624-304433647-1","2026-01-14 16:50:00","1765649478569-891341182","1765737142511-1005852192","1","2l",\N,\N,\N,\N,\N,\N,\N,\N,"evening","active","2026-01-14 20:45:26","2026-01-14 20:45:26"
"723","1768405327035-517287950-1","2026-01-14 05:41:00","1765649478569-891341182","1765737336206-1005852192","1","2.5l",\N,\N,\N,\N,\N,\N,\N,\N,"morning","active","2026-01-14 20:45:26","2026-01-14 20:45:26"
"724","1768405887473-517287950-1","2026-01-14 16:51:00","1765649478569-891341182","1765737336206-1005852192","1","1.5l",\N,\N,\N,\N,\N,\N,\N,\N,"evening","active","2026-01-14 20:45:26","2026-01-14 20:45:26"
"725","1768405371480-105408125-1","2026-01-14 05:42:00","1765649478569-891341182","1765737474297-1005852192","1","3.5l",\N,\N,\N,\N,\N,\N,\N,\N,"morning","active","2026-01-14 20:45:26","2026-01-14 20:45:26"
"726","1768405990999-105408125-1","2026-01-14 16:52:00","1765649478569-891341182","1765737474297-1005852192","1","2.5l",\N,\N,\N,\N,\N,\N,\N,\N,"evening","active","2026-01-14 20:45:26","2026-01-14 20:45:26"
"727","1768405414419-748017357-1","2026-01-14 05:43:00","1765649478569-891341182","1765737612501-1005852192","1","2.5l",\N,\N,\N,\N,\N,\N,\N,\N,"morning","active","2026-01-14 20:45:26","2026-01-14 20:45:26"
"728","1768406039786-748017357-1","2026-01-14 16:53:00","1765649478569-891341182","1765737612501-1005852192","1","2l",\N,\N,\N,\N,\N,\N,\N,\N,"evening","active","2026-01-14 20:45:26","2026-01-14 20:45:26"
"729","1768405449689-499777460-1","2026-01-14 05:43:00","1765649478569-891341182","1765737750060-1005852192","1","3.5l",\N,\N,\N,\N,\N,\N,\N,\N,"morning","active","2026-01-14 20:45:26","2026-01-14 20:45:26"
"730","1768406111783-499777460-1","2026-01-14 16:54:00","1765649478569-891341182","1765737750060-1005852192","1","2.5l",\N,\N,\N,\N,\N,\N,\N,\N,"evening","active","2026-01-14 20:45:26","2026-01-14 20:45:26"
"731","1768405487851-516599508-1","2026-01-14 05:44:00","1765649478569-891341182","1765738128976-1005852192","1","2l",\N,\N,\N,\N,\N,\N,\N,\N,"morning","active","2026-01-14 20:45:26","2026-01-14 20:45:26"
"732","1768406202103-516599508-1","2026-01-14 16:56:00","1765649478569-891341182","1765738128976-1005852192","1","1.5l",\N,\N,\N,\N,\N,\N,\N,\N,"evening","active","2026-01-14 20:45:26","2026-01-14 20:45:26"
"733","1768405521216-674806673-1","2026-01-14 05:45:00","1765649478569-891341182","1765738301735-1005852192","1","1.5l",\N,\N,\N,\N,\N,\N,\N,\N,"morning","active","2026-01-14 20:45:26","2026-01-14 20:45:26"
"734","1768406302238-674806673-1","2026-01-14 16:58:00","1765649478569-891341182","1765738301735-1005852192","1","1l",\N,\N,\N,\N,\N,\N,\N,\N,"evening","active","2026-01-14 20:45:26","2026-01-14 20:45:26"
"735","1768405557343-526207589-1","2026-01-14 05:45:00","1765649478569-891341182","1765738482933-1005852192","1","1.5l",\N,\N,\N,\N,\N,\N,\N,\N,"morning","active","2026-01-14 20:45:26","2026-01-14 20:45:26"
"736","1768406375217-526207589-1","2026-01-14 16:59:00","1765649478569-891341182","1765738482933-1005852192","1","1.5l",\N,\N,\N,\N,\N,\N,\N,\N,"evening","active","2026-01-14 20:45:26","2026-01-14 20:45:26"
"737","1768405590735-1072486652-1","2026-01-14 05:46:00","1765649478569-891341182","1765765924324-181506292","1","3.5l",\N,\N,\N,\N,\N,\N,\N,\N,"morning","active","2026-01-14 20:45:26","2026-01-14 20:45:26"
"738","1768406470836-1072486652-1","2026-01-14 16:00:00","1765649478569-891341182","1765765924324-181506292","1","2.5l",\N,\N,\N,\N,\N,\N,\N,\N,"evening","active","2026-01-14 20:45:26","2026-01-14 20:45:26"
"739","1768485747694-936242801-1","2026-01-15 17:02:00","1765649478569-891341182","1765907213619-1005852192","1","2.5l",\N,\N,\N,\N,\N,\N,\N,\N,"morning","active","2026-01-15 20:56:02","2026-01-15 20:56:02"
"740","1768486188574-936242801-1","2026-01-15 16:09:00","1765649478569-891341182","1765907213619-1005852192","1","2l",\N,\N,\N,\N,\N,\N,\N,\N,"evening","active","2026-01-15 20:56:02","2026-01-15 20:56:02"
"741","1768485775271-820205887-1","2026-01-15 17:02:00","1765649478569-891341182","1765736227116-1005852192","1","2l",\N,\N,\N,\N,\N,\N,\N,\N,"morning","active","2026-01-15 20:56:02","2026-01-15 20:56:02"
"742","1768485806146-279143255-1","2026-01-15 17:03:00","1765649478569-891341182","1765764384562-1005852192","1","3.5l",\N,\N,\N,\N,\N,\N,\N,\N,"morning","active","2026-01-15 20:56:02","2026-01-15 20:56:02"
"743","1768486230154-279143255-1","2026-01-15 16:10:00","1765649478569-891341182","1765764384562-1005852192","1","3.5l",\N,\N,\N,\N,\N,\N,\N,\N,"evening","active","2026-01-15 20:56:02","2026-01-15 20:56:02"
"744","1768485837346-178418082-1","2026-01-15 17:03:00","1765649478569-891341182","1765736803268-1005852192","1","1.5l",\N,\N,\N,\N,\N,\N,\N,\N,"morning","active","2026-01-15 20:56:02","2026-01-15 20:56:02"
"745","1768486265134-178418082-1","2026-01-15 16:10:00","1765649478569-891341182","1765736803268-1005852192","1","1l",\N,\N,\N,\N,\N,\N,\N,\N,"evening","active","2026-01-15 20:56:02","2026-01-15 20:56:02"
"746","1768485872756-517287950-1","2026-01-15 17:04:00","1765649478569-891341182","1765737336206-1005852192","1","2.5l",\N,\N,\N,\N,\N,\N,\N,\N,"morning","active","2026-01-15 20:56:02","2026-01-15 20:56:02"
"747","1768486307030-517287950-1","2026-01-15 16:11:00","1765649478569-891341182","1765737336206-1005852192","1","1.5l",\N,\N,\N,\N,\N,\N,\N,\N,"evening","active","2026-01-15 20:56:02","2026-01-15 20:56:02"
"748","1768485898900-304433647-1","2026-01-15 17:04:00","1765649478569-891341182","1765737142511-1005852192","1","3l",\N,\N,\N,\N,\N,\N,\N,\N,"morning","active","2026-01-15 20:56:02","2026-01-15 20:56:02"
"749","1768486348505-304433647-1","2026-01-15 16:12:00","1765649478569-891341182","1765737142511-1005852192","1","2.5l",\N,\N,\N,\N,\N,\N,\N,\N,"evening","active","2026-01-15 20:56:02","2026-01-15 20:56:02"
"750","1768485936004-105408125-1","2026-01-15 17:05:00","1765649478569-891341182","1765737474297-1005852192","1","2.5l",\N,\N,\N,\N,\N,\N,\N,\N,"morning","active","2026-01-15 20:56:02","2026-01-15 20:56:02"
"751","1768486385247-105408125-1","2026-01-15 16:12:00","1765649478569-891341182","1765737474297-1005852192","1","2.5l",\N,\N,\N,\N,\N,\N,\N,\N,"evening","active","2026-01-15 20:56:02","2026-01-15 20:56:02"
"752","1768485968153-748017357-1","2026-01-15 17:05:00","1765649478569-891341182","1765737612501-1005852192","1","3.5l",\N,\N,\N,\N,\N,\N,\N,\N,"morning","active","2026-01-15 20:56:02","2026-01-15 20:56:02"
"753","1768486414016-748017357-1","2026-01-15 16:13:00","1765649478569-891341182","1765737612501-1005852192","1","2.5l",\N,\N,\N,\N,\N,\N,\N,\N,"evening","active","2026-01-15 20:56:02","2026-01-15 20:56:02"
"754","1768486001106-499777460-1","2026-01-15 05:06:00","1765649478569-891341182","1765737750060-1005852192","1","3.5l",\N,\N,\N,\N,\N,\N,\N,\N,"morning","active","2026-01-15 20:56:02","2026-01-15 20:56:02"
"755","1768486446863-499777460-1","2026-01-15 16:13:00","1765649478569-891341182","1765737750060-1005852192","1","2.5l",\N,\N,\N,\N,\N,\N,\N,\N,"evening","active","2026-01-15 20:56:02","2026-01-15 20:56:02"
"756","1768486032319-516599508-1","2026-01-15 05:06:00","1765649478569-891341182","1765738128976-1005852192","1","2l",\N,\N,\N,\N,\N,\N,\N,\N,"morning","active","2026-01-15 20:56:02","2026-01-15 20:56:02"
"757","1768486479782-516599508-1","2026-01-15 16:14:00","1765649478569-891341182","1765738128976-1005852192","1","2l",\N,\N,\N,\N,\N,\N,\N,\N,"evening","active","2026-01-15 20:56:02","2026-01-15 20:56:02"
"758","1768486082633-674806673-1","2026-01-15 17:07:00","1765649478569-891341182","1765738301735-1005852192","1","1.5l",\N,\N,\N,\N,\N,\N,\N,\N,"morning","active","2026-01-15 20:56:02","2026-01-15 20:56:02"
"759","1768486561420-674806673-1","2026-01-15 16:14:00","1765649478569-891341182","1765738301735-1005852192","1","2l",\N,\N,\N,\N,\N,\N,\N,\N,"evening","active","2026-01-15 20:56:02","2026-01-15 20:56:02"
"760","1768486113583-526207589-1","2026-01-15 05:08:00","1765649478569-891341182","1765738482933-1005852192","1","2.5l",\N,\N,\N,\N,\N,\N,\N,\N,"morning","active","2026-01-15 20:56:02","2026-01-15 20:56:02"
"761","1768486673589-526207589-1","2026-01-15 16:17:00","1765649478569-891341182","1765738482933-1005852192","1","1.5l",\N,\N,\N,\N,\N,\N,\N,\N,"evening","active","2026-01-15 20:56:02","2026-01-15 20:56:02"
"762","1768486146977-1072486652-1","2026-01-15 05:08:00","1765649478569-891341182","1765765924324-181506292","1","3.5l",\N,\N,\N,\N,\N,\N,\N,\N,"morning","active","2026-01-15 20:56:02","2026-01-15 20:56:02"
"763","1768486707237-1072486652-1","2026-01-15 16:18:00","1765649478569-891341182","1765765924324-181506292","1","3l",\N,\N,\N,\N,\N,\N,\N,\N,"night","active","2026-01-15 20:56:02","2026-01-15 20:56:02"
"764","1768572719903-936242801-1","2026-01-16 05:11:00","1765649478569-891341182","1765907213619-1005852192","1","2.5l",\N,\N,\N,\N,\N,\N,\N,\N,"morning","active","2026-01-16 19:37:58","2026-01-16 19:37:58"
"765","1768574840588-936242801-1","2026-01-16 16:47:00","1765649478569-891341182","1765907213619-1005852192","1","2l",\N,\N,\N,\N,\N,\N,\N,\N,"evening","active","2026-01-16 19:37:58","2026-01-16 19:37:58"
"766","1768572753299-820205887-1","2026-01-16 05:12:00","1765649478569-891341182","1765736227116-1005852192","1","2.5l",\N,\N,\N,\N,\N,\N,\N,\N,"morning","active","2026-01-16 19:37:58","2026-01-16 19:37:58"
"767","1768574020473-279143255-1","2026-01-16 05:33:00","1765649478569-891341182","1765764384562-1005852192","1","3.5l",\N,\N,\N,\N,\N,\N,\N,\N,"morning","active","2026-01-16 19:37:58","2026-01-16 19:37:58"
"768","1768574886434-279143255-1","2026-01-16 16:47:00","1765649478569-891341182","1765764384562-1005852192","1","3.5l",\N,\N,\N,\N,\N,\N,\N,\N,"evening","active","2026-01-16 19:37:58","2026-01-16 19:37:58"
"769","1768574051983-178418082-1","2026-01-16 05:33:00","1765649478569-891341182","1765736803268-1005852192","1","1.5l",\N,\N,\N,\N,\N,\N,\N,\N,"morning","active","2026-01-16 19:37:58","2026-01-16 19:37:58"
"770","1768574924530-178418082-1","2026-01-16 16:48:00","1765649478569-891341182","1765736803268-1005852192","1","1.5l",\N,\N,\N,\N,\N,\N,\N,\N,"evening","active","2026-01-16 19:37:58","2026-01-16 19:37:58"
"771","1768574087170-517287950-1","2026-01-16 05:34:00","1765649478569-891341182","1765737336206-1005852192","1","2l",\N,\N,\N,\N,\N,\N,\N,\N,"morning","active","2026-01-16 19:37:58","2026-01-16 19:37:58"
"772","1768574960843-517287950-1","2026-01-16 16:49:00","1765649478569-891341182","1765737336206-1005852192","1","1.5l",\N,\N,\N,\N,\N,\N,\N,\N,"evening","active","2026-01-16 19:37:58","2026-01-16 19:37:58"
"773","1768574126827-304433647-1","2026-01-16 05:35:00","1765649478569-891341182","1765737142511-1005852192","1","2.5l",\N,\N,\N,\N,\N,\N,\N,\N,"morning","active","2026-01-16 19:37:58","2026-01-16 19:37:58"
"774","1768574999766-304433647-1","2026-01-16 16:49:00","1765649478569-891341182","1765737142511-1005852192","1","2l",\N,\N,\N,\N,\N,\N,\N,\N,"evening","active","2026-01-16 19:37:58","2026-01-16 19:37:58"
"775","1768574164076-105408125-1","2026-01-16 05:35:00","1765649478569-891341182","1765737474297-1005852192","1","2.5l",\N,\N,\N,\N,\N,\N,\N,\N,"morning","active","2026-01-16 19:37:58","2026-01-16 19:37:58"
"776","1768575033985-105408125-1","2026-01-16 16:50:00","1765649478569-891341182","1765737474297-1005852192","1","2l",\N,\N,\N,\N,\N,\N,\N,\N,"evening","active","2026-01-16 19:37:58","2026-01-16 19:37:58"
"777","1768574191306-748017357-1","2026-01-16 05:36:00","1765649478569-891341182","1765737612501-1005852192","1","3l",\N,\N,\N,\N,\N,\N,\N,\N,"morning","active","2026-01-16 19:37:58","2026-01-16 19:37:58"
"778","1768575063377-748017357-1","2026-01-16 16:50:00","1765649478569-891341182","1765737612501-1005852192","1","2.5l",\N,\N,\N,\N,\N,\N,\N,\N,"evening","active","2026-01-16 19:37:58","2026-01-16 19:37:58"
"779","1768574224202-499777460-1","2026-01-16 05:36:00","1765649478569-891341182","1765737750060-1005852192","1","3.5l",\N,\N,\N,\N,\N,\N,\N,\N,"morning","active","2026-01-16 19:37:58","2026-01-16 19:37:58"
"780","1768575098567-499777460-1","2026-01-16 16:51:00","1765649478569-891341182","1765737750060-1005852192","1","2.5l",\N,\N,\N,\N,\N,\N,\N,\N,"evening","active","2026-01-16 19:37:58","2026-01-16 19:37:58"
"781","1768574255358-516599508-1","2026-01-16 05:37:00","1765649478569-891341182","1765738128976-1005852192","1","2l",\N,\N,\N,\N,\N,\N,\N,\N,"morning","active","2026-01-16 19:37:58","2026-01-16 19:37:58"
"782","1768575132034-516599508-1","2026-01-16 16:51:00","1765649478569-891341182","1765738128976-1005852192","1","2l",\N,\N,\N,\N,\N,\N,\N,\N,"evening","active","2026-01-16 19:37:58","2026-01-16 19:37:58"
"783","1768574301428-674806673-1","2026-01-16 05:37:00","1765649478569-891341182","1765738301735-1005852192","1","1.5l",\N,\N,\N,\N,\N,\N,\N,\N,"morning","active","2026-01-16 19:37:58","2026-01-16 19:37:58"
"784","1768575179128-674806673-1","2026-01-16 16:52:00","1765649478569-891341182","1765738301735-1005852192","1","1.5l",\N,\N,\N,\N,\N,\N,\N,\N,"evening","active","2026-01-16 19:37:58","2026-01-16 19:37:58"
"785","1768574332641-526207589-1","2026-01-16 05:38:00","1765649478569-891341182","1765738482933-1005852192","1","2l",\N,\N,\N,\N,\N,\N,\N,\N,"morning","active","2026-01-16 19:37:58","2026-01-16 19:37:58"
"786","1768575223040-526207589-1","2026-01-16 16:53:00","1765649478569-891341182","1765738482933-1005852192","1","1.5l",\N,\N,\N,\N,\N,\N,\N,\N,"evening","active","2026-01-16 19:37:58","2026-01-16 19:37:58"
"787","1768574370958-1072486652-1","2026-01-16 05:39:00","1765649478569-891341182","1765765924324-181506292","1","3l",\N,\N,\N,\N,\N,\N,\N,\N,"morning","active","2026-01-16 19:37:58","2026-01-16 19:37:58"
"788","1768575261454-1072486652-1","2026-01-16 16:54:00","1765649478569-891341182","1765765924324-181506292","1","2.5l",\N,\N,\N,\N,\N,\N,\N,\N,"evening","active","2026-01-16 19:37:58","2026-01-16 19:37:58"
"789","1768662279891-936242801-1","2026-01-17 05:04:00","1765649478569-891341182","1765907213619-1005852192","1","2.5l",\N,\N,\N,\N,\N,\N,\N,\N,"morning","active","2026-01-17 19:58:54","2026-01-17 19:58:54"
"790","1768662726852-936242801-1","2026-01-17 16:11:00","1765649478569-891341182","1765907213619-1005852192","1","2l",\N,\N,\N,\N,\N,\N,\N,\N,"evening","active","2026-01-17 19:58:54","2026-01-17 19:58:54"
"791","1768662313728-820205887-1","2026-01-17 05:04:00","1765649478569-891341182","1765736227116-1005852192","1","2.5l",\N,\N,\N,\N,\N,\N,\N,\N,"morning","active","2026-01-17 19:58:54","2026-01-17 19:58:54"
"792","1768662351877-279143255-1","2026-01-17 05:05:00","1765649478569-891341182","1765764384562-1005852192","1","4l",\N,\N,\N,\N,\N,\N,\N,\N,"morning","active","2026-01-17 19:58:54","2026-01-17 19:58:54"
"793","1768662772748-279143255-1","2026-01-17 16:12:00","1765649478569-891341182","1765764384562-1005852192","1","3l",\N,\N,\N,\N,\N,\N,\N,\N,"evening","active","2026-01-17 19:58:54","2026-01-17 19:58:54"
"794","1768662389793-178418082-1","2026-01-17 05:06:00","1765649478569-891341182","1765736803268-1005852192","1","1.5l",\N,\N,\N,\N,\N,\N,\N,\N,"morning","active","2026-01-17 19:58:54","2026-01-17 19:58:54"
"795","1768662812249-178418082-1","2026-01-17 16:13:00","1765649478569-891341182","1765736803268-1005852192","1","1.5l",\N,\N,\N,\N,\N,\N,\N,\N,"evening","active","2026-01-17 19:58:54","2026-01-17 19:58:54"
"796","1768662427385-517287950-1","2026-01-17 05:06:00","1765649478569-891341182","1765737336206-1005852192","1","2l",\N,\N,\N,\N,\N,\N,\N,\N,"morning","active","2026-01-17 19:58:54","2026-01-17 19:58:54"
"797","1768662854110-517287950-1","2026-01-17 16:13:00","1765649478569-891341182","1765737336206-1005852192","1","1.5l",\N,\N,\N,\N,\N,\N,\N,\N,"evening","active","2026-01-17 19:58:54","2026-01-17 19:58:54"
"798","1768662458620-304433647-1","2026-01-17 05:07:00","1765649478569-891341182","1765737142511-1005852192","1","2.5l",\N,\N,\N,\N,\N,\N,\N,\N,"morning","active","2026-01-17 19:58:54","2026-01-17 19:58:54"
"799","1768662887028-304433647-1","2026-01-17 16:14:00","1765649478569-891341182","1765737142511-1005852192","1","2l",\N,\N,\N,\N,\N,\N,\N,\N,"evening","active","2026-01-17 19:58:54","2026-01-17 19:58:54"
"800","1768662492437-105408125-1","2026-01-17 05:07:00","1765649478569-891341182","1765737474297-1005852192","1","3l",\N,\N,\N,\N,\N,\N,\N,\N,"morning","active","2026-01-17 19:58:54","2026-01-17 19:58:54"
"801","1768662919894-105408125-1","2026-01-17 16:14:00","1765649478569-891341182","1765737474297-1005852192","1","2l",\N,\N,\N,\N,\N,\N,\N,\N,"evening","active","2026-01-17 19:58:54","2026-01-17 19:58:54"
"802","1768662522701-748017357-1","2026-01-17 05:08:00","1765649478569-891341182","1765737612501-1005852192","1","3l",\N,\N,\N,\N,\N,\N,\N,\N,"morning","active","2026-01-17 19:58:54","2026-01-17 19:58:54"
"803","1768662950636-748017357-1","2026-01-17 16:15:00","1765649478569-891341182","1765737612501-1005852192","1","2.5l",\N,\N,\N,\N,\N,\N,\N,\N,"evening","active","2026-01-17 19:58:54","2026-01-17 19:58:54"
"804","1768662562777-499777460-1","2026-01-17 05:09:00","1765649478569-891341182","1765737750060-1005852192","1","3l",\N,\N,\N,\N,\N,\N,\N,\N,"morning","active","2026-01-17 19:58:54","2026-01-17 19:58:54"
"805","1768662985662-499777460-1","2026-01-17 16:16:00","1765649478569-891341182","1765737750060-1005852192","1","2l",\N,\N,\N,\N,\N,\N,\N,\N,"evening","active","2026-01-17 19:58:54","2026-01-17 19:58:54"
"806","1768662599749-516599508-1","2026-01-17 05:09:00","1765649478569-891341182","1765738128976-1005852192","1","2l",\N,\N,\N,\N,\N,\N,\N,\N,"morning","active","2026-01-17 19:58:54","2026-01-17 19:58:54"
"807","1768663024112-516599508-1","2026-01-17 16:16:00","1765649478569-891341182","1765738128976-1005852192","1","2l",\N,\N,\N,\N,\N,\N,\N,\N,"evening","active","2026-01-17 19:58:54","2026-01-17 19:58:54"
"808","1768662626989-674806673-1","2026-01-17 05:10:00","1765649478569-891341182","1765738301735-1005852192","1","2l",\N,\N,\N,\N,\N,\N,\N,\N,"morning","active","2026-01-17 19:58:54","2026-01-17 19:58:54"
"809","1768663056357-674806673-1","2026-01-17 16:17:00","1765649478569-891341182","1765738301735-1005852192","1","1l",\N,\N,\N,\N,\N,\N,\N,\N,"evening","active","2026-01-17 19:58:54","2026-01-17 19:58:54"
"810","1768662659802-526207589-1","2026-01-17 05:10:00","1765649478569-891341182","1765738482933-1005852192","1","2.5l",\N,\N,\N,\N,\N,\N,\N,\N,"morning","active","2026-01-17 19:58:54","2026-01-17 19:58:54"
"811","1768663091104-526207589-1","2026-01-17 16:17:00","1765649478569-891341182","1765738482933-1005852192","1","1.5l",\N,\N,\N,\N,\N,\N,\N,\N,"evening","active","2026-01-17 19:58:54","2026-01-17 19:58:54"
"812","1768662693830-1072486652-1","2026-01-17 05:11:00","1765649478569-891341182","1765765924324-181506292","1","3.5l",\N,\N,\N,\N,\N,\N,\N,\N,"morning","active","2026-01-17 19:58:54","2026-01-17 19:58:54"
"813","1768663125195-1072486652-1","2026-01-17 16:18:00","1765649478569-891341182","1765765924324-181506292","1","2.5l",\N,\N,\N,\N,\N,\N,\N,\N,"evening","active","2026-01-17 19:58:54","2026-01-17 19:58:54"
"814","1768753235004-936242801-1","2026-01-18 05:20:00","1765649478569-891341182","1765907213619-1005852192","1","2.5l",\N,\N,\N,\N,\N,\N,\N,\N,"morning","active","2026-01-19 08:38:01","2026-01-19 08:38:01"
"815","1768753658436-936242801-1","2026-01-18 16:27:00","1765649478569-891341182","1765907213619-1005852192","1","2l",\N,\N,\N,\N,\N,\N,\N,\N,"evening","active","2026-01-19 08:38:01","2026-01-19 08:38:01"
"816","1768753272466-820205887-1","2026-01-18 05:20:00","1765649478569-891341182","1765736227116-1005852192","1","2.5l",\N,\N,\N,\N,\N,\N,\N,\N,"morning","active","2026-01-19 08:38:01","2026-01-19 08:38:01"
"817","1768753303603-279143255-1","2026-01-18 05:21:00","1765649478569-891341182","1765764384562-1005852192","1","4l",\N,\N,\N,\N,\N,\N,\N,\N,"morning","active","2026-01-19 08:38:01","2026-01-19 08:38:01"
"818","1768753695836-279143255-1","2026-01-18 16:27:00","1765649478569-891341182","1765764384562-1005852192","1","3.5l",\N,\N,\N,\N,\N,\N,\N,\N,"evening","active","2026-01-19 08:38:01","2026-01-19 08:38:01"
"819","1768753342074-178418082-1","2026-01-18 05:22:00","1765649478569-891341182","1765736803268-1005852192","1","1.5l",\N,\N,\N,\N,\N,\N,\N,\N,"morning","active","2026-01-19 08:38:01","2026-01-19 08:38:01"
"820","1768753729201-178418082-1","2026-01-18 16:28:00","1765649478569-891341182","1765736803268-1005852192","1","1l",\N,\N,\N,\N,\N,\N,\N,\N,"evening","active","2026-01-19 08:38:01","2026-01-19 08:38:01"
"821","1768753392845-517287950-1","2026-01-18 05:22:00","1765649478569-891341182","1765737336206-1005852192","1","2.5l",\N,\N,\N,\N,\N,\N,\N,\N,"morning","active","2026-01-19 08:38:01","2026-01-19 08:38:01"
"822","1768753809735-517287950-1","2026-01-18 16:29:00","1765649478569-891341182","1765737336206-1005852192","1","1.5l",\N,\N,\N,\N,\N,\N,\N,\N,"evening","active","2026-01-19 08:38:01","2026-01-19 08:38:01"
"823","1768753377986-304433647-1","2026-01-18 05:24:00","1765649478569-891341182","1765737142511-1005852192","1","2.5l",\N,\N,\N,\N,\N,\N,\N,\N,"morning","active","2026-01-19 08:38:01","2026-01-19 08:38:01"
"824","1768753765135-304433647-1","2026-01-18 16:29:00","1765649478569-891341182","1765737142511-1005852192","1","2l",\N,\N,\N,\N,\N,\N,\N,\N,"evening","active","2026-01-19 08:38:01","2026-01-19 08:38:01"
"825","1768753412795-105408125-1","2026-01-18 05:23:00","1765649478569-891341182","1765737474297-1005852192","1","3l",\N,\N,\N,\N,\N,\N,\N,\N,"morning","active","2026-01-19 08:38:01","2026-01-19 08:38:01"
"826","1768753845567-105408125-1","2026-01-18 16:30:00","1765649478569-891341182","1765737474297-1005852192","1","2l",\N,\N,\N,\N,\N,\N,\N,\N,"evening","active","2026-01-19 08:38:01","2026-01-19 08:38:01"
"827","1768753437178-748017357-1","2026-01-18 05:23:00","1765649478569-891341182","1765737612501-1005852192","1","3l",\N,\N,\N,\N,\N,\N,\N,\N,"morning","active","2026-01-19 08:38:01","2026-01-19 08:38:01"
"828","1768753873422-748017357-1","2026-01-18 16:30:00","1765649478569-891341182","1765737612501-1005852192","1","2l",\N,\N,\N,\N,\N,\N,\N,\N,"evening","active","2026-01-19 08:38:01","2026-01-19 08:38:01"
"829","1768753467610-499777460-1","2026-01-18 05:24:00","1765649478569-891341182","1765737750060-1005852192","1","3l",\N,\N,\N,\N,\N,\N,\N,\N,"morning","active","2026-01-19 08:38:01","2026-01-19 08:38:01"
"830","1768753904936-499777460-1","2026-01-18 16:31:00","1765649478569-891341182","1765737750060-1005852192","1","2l",\N,\N,\N,\N,\N,\N,\N,\N,"evening","active","2026-01-19 08:38:01","2026-01-19 08:38:01"
"831","1768753502098-516599508-1","2026-01-18 05:24:00","1765649478569-891341182","1765738128976-1005852192","1","2.5l",\N,\N,\N,\N,\N,\N,\N,\N,"morning","active","2026-01-19 08:38:01","2026-01-19 08:38:01"
"832","1768753940940-516599508-1","2026-01-18 16:32:00","1765649478569-891341182","1765738128976-1005852192","1","2l",\N,\N,\N,\N,\N,\N,\N,\N,"evening","active","2026-01-19 08:38:01","2026-01-19 08:38:01"
"833","1768753533505-674806673-1","2026-01-18 05:25:00","1765649478569-891341182","1765738301735-1005852192","1","1.5l",\N,\N,\N,\N,\N,\N,\N,\N,"morning","active","2026-01-19 08:38:01","2026-01-19 08:38:01"
"834","1768753974484-674806673-1","2026-01-18 16:32:00","1765649478569-891341182","1765738301735-1005852192","1","1.5l",\N,\N,\N,\N,\N,\N,\N,\N,"evening","active","2026-01-19 08:38:01","2026-01-19 08:38:01"
"835","1768753578723-526207589-1","2026-01-18 05:25:00","1765649478569-891341182","1765738482933-1005852192","1","2l",\N,\N,\N,\N,\N,\N,\N,\N,"morning","active","2026-01-19 08:38:01","2026-01-19 08:38:01"
"836","1768754011968-526207589-1","2026-01-18 16:33:00","1765649478569-891341182","1765738482933-1005852192","1","1l",\N,\N,\N,\N,\N,\N,\N,\N,"evening","active","2026-01-19 08:38:01","2026-01-19 08:38:01"
"837","1768753615960-1072486652-1","2026-01-18 05:26:00","1765649478569-891341182","1765765924324-181506292","1","3.5l",\N,\N,\N,\N,\N,\N,\N,\N,"morning","active","2026-01-19 08:38:01","2026-01-19 08:38:01"
"838","1768754043638-1072486652-1","2026-01-18 16:33:00","1765649478569-891341182","1765765924324-181506292","1","3l",\N,\N,\N,\N,\N,\N,\N,\N,"evening","active","2026-01-19 08:38:01","2026-01-19 08:38:01"
"839","1769009703388-936242801-1","2026-01-21 18:35:03","1765649478569-891341182","1765907213619-1005852192","1","2.5l","0","0","0","0","0","0","0",\N,"morning","active","2026-01-21 19:16:52","2026-01-21 19:16:52"
"840","1769010832379-936242801-1","2026-01-21 18:53:52","1765649478569-891341182","1765907213619-1005852192","1","2.5l","0","0","0","0","0","0","0",\N,"evening","active","2026-01-21 19:16:52","2026-01-21 19:16:52"
"841","1769011060899-936242801-1","2026-01-21 18:57:40","1765649478569-891341182","1765907213619-1005852192","1","2.00l","0","0","0","0","0","0","0",\N,"morning","active","2026-01-21 19:16:52","2026-01-21 19:16:52"
"842","1769012055850-936242801-1","2026-01-21 19:14:15","1765649478569-891341182","1765907213619-1005852192","1","2.00l","0","0","0","0","0","0","0",\N,"evening","active","2026-01-21 19:16:52","2026-01-21 19:16:52"
"843","1769009743430-820205887-1","2026-01-21 18:35:43","1765649478569-891341182","1765736227116-1005852192","1","2.5l","0","0","0","0","0","0","0",\N,"morning","active","2026-01-21 19:16:52","2026-01-21 19:16:52"
"844","1769011102930-820205887-1","2026-01-21 18:58:22","1765649478569-891341182","1765736227116-1005852192","1","2.00l","0","0","0","0","0","0","0",\N,"morning","active","2026-01-21 19:16:52","2026-01-21 19:16:52"
"845","1769009785570-279143255-1","2026-01-21 18:36:25","1765649478569-891341182","1765764384562-1005852192","1","4.5l","0","0","0","0","0","0","0",\N,"morning","active","2026-01-21 19:16:52","2026-01-21 19:16:52"
"846","1769010798942-279143255-1","2026-01-21 18:53:18","1765649478569-891341182","1765764384562-1005852192","1","3.5l","0","0","0","0","0","0","0",\N,"evening","active","2026-01-21 19:16:52","2026-01-21 19:16:52"
"847","1769011144306-279143255-1","2026-01-21 18:59:04","1765649478569-891341182","1765764384562-1005852192","1","4.00l","0","0","0","0","0","0","0",\N,"morning","active","2026-01-21 19:16:52","2026-01-21 19:16:52"
"848","1769012015640-279143255-1","2026-01-21 19:13:35","1765649478569-891341182","1765764384562-1005852192","1","3.5l","0","0","0","0","0","0","0",\N,"evening","active","2026-01-21 19:16:52","2026-01-21 19:16:52"
"849","1769009820735-178418082-1","2026-01-21 18:37:00","1765649478569-891341182","1765736803268-1005852192","1","1.5l","0","0","0","0","0","0","0",\N,"morning","active","2026-01-21 19:16:52","2026-01-21 19:16:52"
"850","1769010746735-178418082-1","2026-01-21 18:52:26","1765649478569-891341182","1765736803268-1005852192","1","1.5l","0","0","0","0","0","0","0",\N,"evening","active","2026-01-21 19:16:52","2026-01-21 19:16:52"
"851","1769011182562-178418082-1","2026-01-21 18:59:42","1765649478569-891341182","1765736803268-1005852192","1","1.00l","0","0","0","0","0","0","0",\N,"morning","active","2026-01-21 19:16:52","2026-01-21 19:16:52"
"852","1769011966399-178418082-1","2026-01-21 19:12:46","1765649478569-891341182","1765736803268-1005852192","1","1.00l","0","0","0","0","0","0","0",\N,"evening","active","2026-01-21 19:16:52","2026-01-21 19:16:52"
"853","1769009870256-517287950-1","2026-01-21 18:37:50","1765649478569-891341182","1765737336206-1005852192","1","2.5l","0","0","0","0","0","0","0",\N,"morning","active","2026-01-21 19:16:52","2026-01-21 19:16:52"
"854","1769010699649-517287950-1","2026-01-21 18:51:39","1765649478569-891341182","1765737336206-1005852192","1","1.5l","0","0","0","0","0","0","0",\N,"evening","active","2026-01-21 19:16:52","2026-01-21 19:16:52"
"855","1769011218795-517287950-1","2026-01-21 19:00:18","1765649478569-891341182","1765737336206-1005852192","1","2.00l","0","0","0","0","0","0","0",\N,"morning","active","2026-01-21 19:16:52","2026-01-21 19:16:52"
"856","1769011931450-517287950-1","2026-01-21 19:12:11","1765649478569-891341182","1765737336206-1005852192","1","1.5l","0","0","0","0","0","0","0",\N,"evening","active","2026-01-21 19:16:52","2026-01-21 19:16:52"
"857","1769009920281-304433647-1","2026-01-21 18:38:40","1765649478569-891341182","1765737142511-1005852192","1","2.5l","0","0","0","0","0","0","0",\N,"morning","active","2026-01-21 19:16:52","2026-01-21 19:16:52"
"858","1769010653634-304433647-1","2026-01-21 18:50:53","1765649478569-891341182","1765737142511-1005852192","1","2.00l","0","0","0","0","0","0","0",\N,"evening","active","2026-01-21 19:16:52","2026-01-21 19:16:52"
"859","1769011255145-304433647-1","2026-01-21 19:00:55","1765649478569-891341182","1765737142511-1005852192","1","2.00l","0","0","0","0","0","0","0",\N,"morning","active","2026-01-21 19:16:52","2026-01-21 19:16:52"
"860","1769011889375-304433647-1","2026-01-21 19:11:29","1765649478569-891341182","1765737142511-1005852192","1","2.5l","8","0","0","8","0","0","0",\N,"evening","active","2026-01-21 19:16:52","2026-01-21 19:16:52"
"861","1769009969085-105408125-1","2026-01-21 18:39:29","1765649478569-891341182","1765737474297-1005852192","1","3.00l","0","0","0","0","0","0","0",\N,"morning","active","2026-01-21 19:16:52","2026-01-21 19:16:52"
"862","1769010608445-105408125-1","2026-01-21 18:50:08","1765649478569-891341182","1765737474297-1005852192","1","2.00l","0","0","0","0","0","0","0",\N,"evening","active","2026-01-21 19:16:52","2026-01-21 19:16:52"
"863","1769011295973-105408125-1","2026-01-21 19:01:35","1765649478569-891341182","1765737474297-1005852192","1","3.00l","0","0","0","0","0","0","0",\N,"morning","active","2026-01-21 19:16:52","2026-01-21 19:16:52"
"864","1769011849465-105408125-1","2026-01-21 19:10:49","1765649478569-891341182","1765737474297-1005852192","1","2.00l","0","0","0","0","0","0","0",\N,"evening","active","2026-01-21 19:16:52","2026-01-21 19:16:52"
"865","1769010034124-748017357-1","2026-01-21 18:40:34","1765649478569-891341182","1765737612501-1005852192","1","3.5l","0","0","0","0","0","0","0",\N,"morning","active","2026-01-21 19:16:52","2026-01-21 19:16:52"
"866","1769010565095-748017357-1","2026-01-21 18:49:25","1765649478569-891341182","1765737612501-1005852192","1","2.5l","0","0","0","0","0","0","0",\N,"evening","active","2026-01-21 19:16:52","2026-01-21 19:16:52"
"867","1769011332608-748017357-1","2026-01-21 19:02:12","1765649478569-891341182","1765737612501-1005852192","1","3.00l","0","0","0","0","0","0","0",\N,"morning","active","2026-01-21 19:16:52","2026-01-21 19:16:52"
"868","1769011805473-748017357-1","2026-01-21 19:10:05","1765649478569-891341182","1765737612501-1005852192","1","2.5l","0","0","0","0","0","0","0",\N,"evening","active","2026-01-21 19:16:53","2026-01-21 19:16:53"
"869","1769010079199-499777460-1","2026-01-21 18:41:19","1765649478569-891341182","1765737750060-1005852192","1","3.00l","0","0","0","0","0","0","0",\N,"morning","active","2026-01-21 19:16:53","2026-01-21 19:16:53"
"870","1769010522157-499777460-1","2026-01-21 18:48:42","1765649478569-891341182","1765737750060-1005852192","1","2.00l","0","0","0","0","0","0","0",\N,"evening","active","2026-01-21 19:16:53","2026-01-21 19:16:53"
"871","1769011386320-499777460-1","2026-01-21 19:03:06","1765649478569-891341182","1765737750060-1005852192","1","3.00l","0","0","0","0","0","0","0",\N,"morning","active","2026-01-21 19:16:53","2026-01-21 19:16:53"
"872","1769011769504-499777460-1","2026-01-21 19:09:29","1765649478569-891341182","1765737750060-1005852192","1","2.5l","0","0","0","0","0","0","0",\N,"evening","active","2026-01-21 19:16:53","2026-01-21 19:16:53"
"873","1769010166947-516599508-1","2026-01-21 18:42:46","1765649478569-891341182","1765738128976-1005852192","1","2.5l","0","0","0","0","0","0","0",\N,"morning","active","2026-01-21 19:16:53","2026-01-21 19:16:53"
"874","1769010469012-516599508-1","2026-01-21 18:47:49","1765649478569-891341182","1765738128976-1005852192","1","2.00l","0","0","0","0","0","0","0",\N,"evening","active","2026-01-21 19:16:53","2026-01-21 19:16:53"
"875","1769011427389-516599508-1","2026-01-21 19:03:47","1765649478569-891341182","1765738128976-1005852192","1","2.5l","0","0","0","0","0","0","0",\N,"morning","active","2026-01-21 19:16:53","2026-01-21 19:16:53"
"876","1769011695411-516599508-1","2026-01-21 19:08:15","1765649478569-891341182","1765738128976-1005852192","1","2.00l","0","0","0","0","0","0","0",\N,"evening","active","2026-01-21 19:16:53","2026-01-21 19:16:53"
"877","1769010214660-674806673-1","2026-01-21 18:43:34","1765649478569-891341182","1765738301735-1005852192","1","1.5l","0","0","0","0","0","0","0",\N,"morning","active","2026-01-21 19:16:53","2026-01-21 19:16:53"
"878","1769010420069-674806673-1","2026-01-21 18:47:00","1765649478569-891341182","1765738301735-1005852192","1","1.5l","0","0","0","0","0","0","0",\N,"evening","active","2026-01-21 19:16:53","2026-01-21 19:16:53"
"879","1769011461122-674806673-1","2026-01-21 19:04:21","1765649478569-891341182","1765738301735-1005852192","1","1.5l","0","0","0","0","0","0","0",\N,"morning","active","2026-01-21 19:16:53","2026-01-21 19:16:53"
"880","1769011653349-674806673-1","2026-01-21 19:07:33","1765649478569-891341182","1765738301735-1005852192","1","1.5l","0","0","0","0","0","0","0",\N,"evening","active","2026-01-21 19:16:53","2026-01-21 19:16:53"
"881","1769010250854-1072486652-1","2026-01-21 18:44:10","1765649478569-891341182","1765765924324-181506292","1","3.5l","0","0","0","0","0","0","0",\N,"morning","active","2026-01-21 19:16:53","2026-01-21 19:16:53"
"882","1769010298904-1072486652-1","2026-01-21 18:44:58","1765649478569-891341182","1765765924324-181506292","1","2.00l","0","0","0","0","0","0","0",\N,"evening","active","2026-01-21 19:16:53","2026-01-21 19:16:53"
"883","1769011535035-1072486652-1","2026-01-21 19:05:35","1765649478569-891341182","1765765924324-181506292","1","3.00l","0","0","0","0","0","0","0",\N,"morning","active","2026-01-21 19:16:53","2026-01-21 19:16:53"
"884","1769011573867-1072486652-1","2026-01-21 19:06:13","1765649478569-891341182","1765765924324-181506292","1","2.5l","0","0","0","0","0","0","0",\N,"evening","active","2026-01-21 19:16:53","2026-01-21 19:16:53"
"885","1769010344658-526207589-1","2026-01-21 18:45:44","1765649478569-891341182","1765738482933-1005852192","1","2.5l","0","0","0","0","0","0","0",\N,"morning","active","2026-01-21 19:16:53","2026-01-21 19:16:53"
"886","1769010385310-526207589-1","2026-01-21 18:46:25","1765649478569-891341182","1765738482933-1005852192","1","1.5l","0","0","0","0","0","0","0",\N,"evening","active","2026-01-21 19:16:53","2026-01-21 19:16:53"
"887","1769011497600-526207589-1","2026-01-21 19:04:57","1765649478569-891341182","1765738482933-1005852192","1","2.00l","8","0","0","0","0","0","0",\N,"morning","active","2026-01-21 19:16:53","2026-01-21 19:16:53"
"888","1769011615217-526207589-1","2026-01-21 19:06:55","1765649478569-891341182","1765738482933-1005852192","1","1.5l","0","0","0","0","0","0","0",\N,"evening","active","2026-01-21 19:16:53","2026-01-21 19:16:53"
"889","1769090140323-936242801-1","2026-01-22 05:55:00","1765649478569-891341182","1765907213619-1005852192","1","2.5l",\N,\N,\N,\N,\N,\N,\N,\N,"morning","active","2026-01-23 06:47:48","2026-01-23 06:47:48"
"890","1769098318376-936242801-1","2026-01-22 16:11:00","1765649478569-891341182","1765907213619-1005852192","1","2l",\N,\N,\N,\N,\N,\N,\N,\N,"evening","active","2026-01-23 06:47:48","2026-01-23 06:47:48"
"891","1769090170933-820205887-1","2026-01-22 05:55:00","1765649478569-891341182","1765736227116-1005852192","1","2.5l",\N,\N,\N,\N,\N,\N,\N,\N,"morning","active","2026-01-23 06:47:48","2026-01-23 06:47:48"
"892","1769090203982-279143255-1","2026-01-22 05:56:00","1765649478569-891341182","1765764384562-1005852192","1","4.5l",\N,\N,\N,\N,\N,\N,\N,\N,"morning","active","2026-01-23 06:47:48","2026-01-23 06:47:48"
"893","1769098352191-279143255-1","2026-01-22 16:12:00","1765649478569-891341182","1765764384562-1005852192","1","3l",\N,\N,\N,\N,\N,\N,\N,\N,"evening","active","2026-01-23 06:47:48","2026-01-23 06:47:48"
"894","1769090233478-178418082-1","2026-01-22 05:56:00","1765649478569-891341182","1765736803268-1005852192","1","1l",\N,\N,\N,\N,\N,\N,\N,\N,"morning","active","2026-01-23 06:47:48","2026-01-23 06:47:48"
"895","1769098393019-178418082-1","2026-01-22 16:12:00","1765649478569-891341182","1765736803268-1005852192","1","1l",\N,\N,\N,\N,\N,\N,\N,\N,"evening","active","2026-01-23 06:47:48","2026-01-23 06:47:48"
"896","1769090274299-517287950-1","2026-01-22 05:57:00","1765649478569-891341182","1765737336206-1005852192","1","2l",\N,\N,\N,\N,\N,\N,\N,\N,"morning","active","2026-01-23 06:47:48","2026-01-23 06:47:48"
"897","1769098435305-517287950-1","2026-01-22 16:13:00","1765649478569-891341182","1765737336206-1005852192","1","1.5l",\N,\N,\N,\N,\N,\N,\N,\N,"evening","active","2026-01-23 06:47:48","2026-01-23 06:47:48"
"898","1769090305682-304433647-1","2026-01-22 05:58:00","1765649478569-891341182","1765737142511-1005852192","1","2l",\N,\N,\N,\N,\N,\N,\N,\N,"morning","active","2026-01-23 06:47:48","2026-01-23 06:47:48"
"899","1769098468034-304433647-1","2026-01-22 16:14:00","1765649478569-891341182","1765737142511-1005852192","1","2l",\N,\N,\N,\N,\N,\N,\N,\N,"evening","active","2026-01-23 06:47:48","2026-01-23 06:47:48"
"900","1769090341715-105408125-1","2026-01-22 05:58:00","1765649478569-891341182","1765737474297-1005852192","1","-3l",\N,\N,\N,\N,\N,\N,\N,\N,"morning","active","2026-01-23 06:47:48","2026-01-23 06:47:48"
"901","1769098499274-105408125-1","2026-01-22 16:14:00","1765649478569-891341182","1765737474297-1005852192","1","2l",\N,\N,\N,\N,\N,\N,\N,\N,"evening","active","2026-01-23 06:47:48","2026-01-23 06:47:48"
"902","1769090365875-748017357-1","2026-01-22 05:59:00","1765649478569-891341182","1765737612501-1005852192","1","3l",\N,\N,\N,\N,\N,\N,\N,\N,"morning","active","2026-01-23 06:47:48","2026-01-23 06:47:48"
"903","1769098530078-748017357-1","2026-01-22 16:15:00","1765649478569-891341182","1765737612501-1005852192","1","2l",\N,\N,\N,\N,\N,\N,\N,\N,"evening","active","2026-01-23 06:47:48","2026-01-23 06:47:48"
"904","1769090398530-499777460-1","2026-01-22 05:59:00","1765649478569-891341182","1765737750060-1005852192","1","3l",\N,\N,\N,\N,\N,\N,\N,\N,"morning","active","2026-01-23 06:47:48","2026-01-23 06:47:48"
"905","1769098559165-499777460-1","2026-01-22 16:15:00","1765649478569-891341182","1765737750060-1005852192","1","2l",\N,\N,\N,\N,\N,\N,\N,\N,"evening","active","2026-01-23 06:47:48","2026-01-23 06:47:48"
"906","1769090434320-516599508-1","2026-01-22 05:00:00","1765649478569-891341182","1765738128976-1005852192","1","2.5l",\N,\N,\N,\N,\N,\N,\N,\N,"morning","active","2026-01-23 06:47:48","2026-01-23 06:47:48"
"907","1769098588678-516599508-1","2026-01-22 16:16:00","1765649478569-891341182","1765738128976-1005852192","1","2l",\N,\N,\N,\N,\N,\N,\N,\N,"evening","active","2026-01-23 06:47:48","2026-01-23 06:47:48"
"908","1769090465279-674806673-1","2026-01-22 17:00:00","1765649478569-891341182","1765738301735-1005852192","1","1.5l",\N,\N,\N,\N,\N,\N,\N,\N,"morning","active","2026-01-23 06:47:48","2026-01-23 06:47:48"
"909","1769103908377-674806673-1","2026-01-22 16:44:00","1765649478569-891341182","1765738301735-1005852192","1","1l",\N,\N,\N,\N,\N,\N,\N,\N,"evening","active","2026-01-23 06:47:48","2026-01-23 06:47:48"
"910","1769090491942-526207589-1","2026-01-22 17:01:00","1765649478569-891341182","1765738482933-1005852192","1","2l",\N,\N,\N,\N,\N,\N,\N,\N,"morning","active","2026-01-23 06:47:48","2026-01-23 06:47:48"
"911","1769098643674-526207589-1","2026-01-22 16:17:00","1765649478569-891341182","1765738482933-1005852192","1","1.5l",\N,\N,\N,\N,\N,\N,\N,\N,"evening","active","2026-01-23 06:47:48","2026-01-23 06:47:48"
"912","1769090519189-1072486652-1","2026-01-22 17:01:00","1765649478569-891341182","1765765924324-181506292","1","3.5l",\N,\N,\N,\N,\N,\N,\N,\N,"morning","active","2026-01-23 06:47:48","2026-01-23 06:47:48"
"913","1769098676085-1072486652-1","2026-01-22 16:17:00","1765649478569-891341182","1765765924324-181506292","1","2.5l",\N,\N,\N,\N,\N,\N,\N,\N,"evening","active","2026-01-23 06:47:48","2026-01-23 06:47:48"
"914","1769181233407-936242801-1","2026-01-23 05:13:00","1765649478569-891341182","1765907213619-1005852192","1","2.5l",\N,\N,\N,\N,\N,\N,\N,\N,"morning","active","2026-01-23 19:03:03","2026-01-23 19:03:03"
"915","1769181651139-936242801-1","2026-01-23 16:20:00","1765649478569-891341182","1765907213619-1005852192","1","2.5l",\N,\N,\N,\N,\N,\N,\N,\N,"evening","active","2026-01-23 19:03:03","2026-01-23 19:03:03"
"916","1769181267543-820205887-1","2026-01-23 05:14:00","1765649478569-891341182","1765736227116-1005852192","1","2l",\N,\N,\N,\N,\N,\N,\N,\N,"morning","active","2026-01-23 19:03:03","2026-01-23 19:03:03"
"917","1769181300767-279143255-1","2026-01-23 05:14:00","1765649478569-891341182","1765764384562-1005852192","1","4.5l",\N,\N,\N,\N,\N,\N,\N,\N,"morning","active","2026-01-23 19:03:03","2026-01-23 19:03:03"
"918","1769181690111-279143255-1","2026-01-23 16:21:00","1765649478569-891341182","1765764384562-1005852192","1","3.5l",\N,\N,\N,\N,\N,\N,\N,\N,"evening","active","2026-01-23 19:03:03","2026-01-23 19:03:03"
"919","1769181330996-178418082-1","2026-01-23 05:15:00","1765649478569-891341182","1765736803268-1005852192","1","1l",\N,\N,\N,\N,\N,\N,\N,\N,"morning","active","2026-01-23 19:03:03","2026-01-23 19:03:03"
"920","1769181725061-178418082-1","2026-01-23 16:21:00","1765649478569-891341182","1765736803268-1005852192","1","1l",\N,\N,\N,\N,\N,\N,\N,\N,"evening","active","2026-01-23 19:03:03","2026-01-23 19:03:03"
"921","1769181366530-517287950-1","2026-01-23 05:15:00","1765649478569-891341182","1765737336206-1005852192","1","2l",\N,\N,\N,\N,\N,\N,\N,\N,"morning","active","2026-01-23 19:03:03","2026-01-23 19:03:03"
"922","1769181767590-517287950-1","2026-01-23 16:22:00","1765649478569-891341182","1765737336206-1005852192","1","1.5l",\N,\N,\N,\N,\N,\N,\N,\N,"evening","active","2026-01-23 19:03:03","2026-01-23 19:03:03"
"923","1769181401274-304433647-1","2026-01-23 05:16:00","1765649478569-891341182","1765737142511-1005852192","1","2.5l",\N,\N,\N,\N,\N,\N,\N,\N,"morning","active","2026-01-23 19:03:03","2026-01-23 19:03:03"
"924","1769181801651-304433647-1","2026-01-23 16:22:00","1765649478569-891341182","1765737142511-1005852192","1","2l",\N,\N,\N,\N,\N,\N,\N,\N,"evening","active","2026-01-23 19:03:03","2026-01-23 19:03:03"
"925","1769181431443-105408125-1","2026-01-23 05:16:00","1765649478569-891341182","1765737474297-1005852192","1","3l",\N,\N,\N,\N,\N,\N,\N,\N,"morning","active","2026-01-23 19:03:03","2026-01-23 19:03:03"
"926","1769181839387-105408125-1","2026-01-23 16:23:00","1765649478569-891341182","1765737474297-1005852192","1","2.5l",\N,\N,\N,\N,\N,\N,\N,\N,"evening","active","2026-01-23 19:03:03","2026-01-23 19:03:03"
"927","1769181456189-748017357-1","2026-01-23 05:17:00","1765649478569-891341182","1765737612501-1005852192","1","3l",\N,\N,\N,\N,\N,\N,\N,\N,"morning","active","2026-01-23 19:03:03","2026-01-23 19:03:03"
"928","1769181874937-748017357-1","2026-01-23 16:24:00","1765649478569-891341182","1765737612501-1005852192","1","2.5l",\N,\N,\N,\N,\N,\N,\N,\N,"evening","active","2026-01-23 19:03:03","2026-01-23 19:03:03"
"929","1769181485026-499777460-1","2026-01-23 05:17:00","1765649478569-891341182","1765737750060-1005852192","1","3l",\N,\N,\N,\N,\N,\N,\N,\N,"morning","active","2026-01-23 19:03:03","2026-01-23 19:03:03"
"930","1769181910708-499777460-1","2026-01-23 16:24:00","1765649478569-891341182","1765737750060-1005852192","1","2.5l",\N,\N,\N,\N,\N,\N,\N,\N,"evening","active","2026-01-23 19:03:03","2026-01-23 19:03:03"
"931","1769181515587-516599508-1","2026-01-23 05:18:00","1765649478569-891341182","1765738128976-1005852192","1","2.5l",\N,\N,\N,\N,\N,\N,\N,\N,"morning","active","2026-01-23 19:03:03","2026-01-23 19:03:03"
"932","1769181945813-516599508-1","2026-01-23 16:25:00","1765649478569-891341182","1765738128976-1005852192","1","2l",\N,\N,\N,\N,\N,\N,\N,\N,"evening","active","2026-01-23 19:03:03","2026-01-23 19:03:03"
"933","1769181544902-674806673-1","2026-01-23 05:18:00","1765649478569-891341182","1765738301735-1005852192","1","1.5l",\N,\N,\N,\N,\N,\N,\N,\N,"morning","active","2026-01-23 19:03:03","2026-01-23 19:03:03"
"934","1769181974593-674806673-1","2026-01-23 16:25:00","1765649478569-891341182","1765738301735-1005852192","1","1l",\N,\N,\N,\N,\N,\N,\N,\N,"evening","active","2026-01-23 19:03:03","2026-01-23 19:03:03"
"935","1769181581647-526207589-1","2026-01-23 05:19:00","1765649478569-891341182","1765738482933-1005852192","1","2l",\N,\N,\N,\N,\N,\N,\N,\N,"morning","active","2026-01-23 19:03:03","2026-01-23 19:03:03"
"936","1769182010041-526207589-1","2026-01-23 16:26:00","1765649478569-891341182","1765738482933-1005852192","1","1.5l",\N,\N,\N,\N,\N,\N,\N,\N,"evening","active","2026-01-23 19:03:03","2026-01-23 19:03:03"
"937","1769181609600-1072486652-1","2026-01-23 05:19:00","1765649478569-891341182","1765765924324-181506292","1","3.5l",\N,\N,\N,\N,\N,\N,\N,\N,"morning","active","2026-01-23 19:03:03","2026-01-23 19:03:03"
"938","1769182044504-1072486652-1","2026-01-23 16:27:00","1765649478569-891341182","1765765924324-181506292","1","3.5l",\N,\N,\N,\N,\N,\N,\N,\N,"evening","active","2026-01-23 19:03:03","2026-01-23 19:03:03"
"939","1769315805753-936242801-1","2026-01-24 05:36:00","1765649478569-891341182","1765907213619-1005852192","1","2l",\N,\N,\N,\N,\N,\N,\N,\N,"morning","active","2026-01-25 18:59:28","2026-01-25 18:59:28"
"940","1769316221272-936242801-1","2026-01-24 16:43:00","1765649478569-891341182","1765907213619-1005852192","1","2l",\N,\N,\N,\N,\N,\N,\N,\N,"night","active","2026-01-25 18:59:28","2026-01-25 18:59:28"
"941","1769355565040-936242801-1","2026-01-25 05:39:00","1765649478569-891341182","1765907213619-1005852192","1","2.5l",\N,\N,\N,\N,\N,\N,\N,\N,"morning","active","2026-01-25 18:59:28","2026-01-25 18:59:28"
"942","1769355966267-936242801-1","2026-01-25 16:45:00","1765649478569-891341182","1765907213619-1005852192","1","2.5l",\N,\N,\N,\N,\N,\N,\N,\N,"evening","active","2026-01-25 18:59:28","2026-01-25 18:59:28"
"943","1769315837842-820205887-1","2026-01-24 05:37:00","1765649478569-891341182","1765736227116-1005852192","1","2l",\N,\N,\N,\N,\N,\N,\N,\N,"morning","active","2026-01-25 18:59:28","2026-01-25 18:59:28"
"944","1769355593349-820205887-1","2026-01-25 05:39:00","1765649478569-891341182","1765736227116-1005852192","1","2l",\N,\N,\N,\N,\N,\N,\N,\N,"morning","active","2026-01-25 18:59:28","2026-01-25 18:59:28"
"945","1769315873759-279143255-1","2026-01-24 05:37:00","1765649478569-891341182","1765764384562-1005852192","1","4l",\N,\N,\N,\N,\N,\N,\N,\N,"morning","active","2026-01-25 18:59:28","2026-01-25 18:59:28"
"946","1769316260812-279143255-1","2026-01-24 16:43:00","1765649478569-891341182","1765764384562-1005852192","1","3.5l",\N,\N,\N,\N,\N,\N,\N,\N,"evening","active","2026-01-25 18:59:28","2026-01-25 18:59:28"
"947","1769355627489-279143255-1","2026-01-25 05:40:00","1765649478569-891341182","1765764384562-1005852192","1","4l",\N,\N,\N,\N,\N,\N,\N,\N,"morning","active","2026-01-25 18:59:28","2026-01-25 18:59:28"
"948","1769356002704-279143255-1","2026-01-25 16:46:00","1765649478569-891341182","1765764384562-1005852192","1","3.5l",\N,\N,\N,\N,\N,\N,\N,\N,"evening","active","2026-01-25 18:59:28","2026-01-25 18:59:28"
"949","1769315908074-178418082-1","2026-01-24 05:38:00","1765649478569-891341182","1765736803268-1005852192","1","1l",\N,\N,\N,\N,\N,\N,\N,\N,"morning","active","2026-01-25 18:59:28","2026-01-25 18:59:28"
"950","1769316299833-178418082-1","2026-01-24 04:44:00","1765649478569-891341182","1765736803268-1005852192","1","1l",\N,\N,\N,\N,\N,\N,\N,\N,"evening","active","2026-01-25 18:59:28","2026-01-25 18:59:28"
"951","1769355656736-178418082-1","2026-01-25 05:40:00","1765649478569-891341182","1765736803268-1005852192","1","1l",\N,\N,\N,\N,\N,\N,\N,\N,"morning","active","2026-01-25 18:59:28","2026-01-25 18:59:28"
"952","1769356043483-178418082-1","2026-01-25 16:46:00","1765649478569-891341182","1765736803268-1005852192","1","1.5l",\N,\N,\N,\N,\N,\N,\N,\N,"evening","active","2026-01-25 18:59:28","2026-01-25 18:59:28"
"953","1769315946073-517287950-1","2026-01-24 05:38:00","1765649478569-891341182","1765737336206-1005852192","1","2l",\N,\N,\N,\N,\N,\N,\N,\N,"morning","active","2026-01-25 18:59:28","2026-01-25 18:59:28"
"954","1769316351754-517287950-1","2026-01-24 16:45:00","1765649478569-891341182","1765737336206-1005852192","1","1.5l",\N,\N,\N,\N,\N,\N,\N,\N,"evening","active","2026-01-25 18:59:28","2026-01-25 18:59:28"
"955","1769355691873-517287950-1","2026-01-25 05:41:00","1765649478569-891341182","1765737336206-1005852192","1","2l",\N,\N,\N,\N,\N,\N,\N,\N,"morning","active","2026-01-25 18:59:28","2026-01-25 18:59:28"
"956","1769356082876-517287950-1","2026-01-25 16:47:00","1765649478569-891341182","1765737336206-1005852192","1","1.5l",\N,\N,\N,\N,\N,\N,\N,\N,"evening","active","2026-01-25 18:59:28","2026-01-25 18:59:28"
"957","1769315973920-304433647-1","2026-01-24 05:39:00","1765649478569-891341182","1765737142511-1005852192","1","2l",\N,\N,\N,\N,\N,\N,\N,\N,"morning","active","2026-01-25 18:59:28","2026-01-25 18:59:28"
"958","1769316393063-304433647-1","2026-01-24 16:46:00","1765649478569-891341182","1765737142511-1005852192","1","2l",\N,\N,\N,\N,\N,\N,\N,\N,"evening","active","2026-01-25 18:59:28","2026-01-25 18:59:28"
"959","1769355726051-304433647-1","2026-01-25 05:41:00","1765649478569-891341182","1765737142511-1005852192","1","2l",\N,\N,\N,\N,\N,\N,\N,\N,"morning","active","2026-01-25 18:59:28","2026-01-25 18:59:28"
"960","1769356117874-304433647-1","2026-01-25 16:48:00","1765649478569-891341182","1765737142511-1005852192","1","2l",\N,\N,\N,\N,\N,\N,\N,\N,"evening","active","2026-01-25 18:59:28","2026-01-25 18:59:28"
"961","1769316009289-105408125-1","2026-01-24 05:39:00","1765649478569-891341182","1765737474297-1005852192","1","3l",\N,\N,\N,\N,\N,\N,\N,\N,"morning","active","2026-01-25 18:59:28","2026-01-25 18:59:28"
"962","1769316432036-105408125-1","2026-01-24 16:46:00","1765649478569-891341182","1765737474297-1005852192","1","2l",\N,\N,\N,\N,\N,\N,\N,\N,"evening","active","2026-01-25 18:59:28","2026-01-25 18:59:28"
"963","1769355755031-105408125-1","2026-01-25 05:42:00","1765649478569-891341182","1765737474297-1005852192","1","3l",\N,\N,\N,\N,\N,\N,\N,\N,"morning","active","2026-01-25 18:59:28","2026-01-25 18:59:28"
"964","1769356155988-105408125-1","2026-01-25 16:48:00","1765649478569-891341182","1765737474297-1005852192","1","2.5l",\N,\N,\N,\N,\N,\N,\N,\N,"evening","active","2026-01-25 18:59:28","2026-01-25 18:59:28"
"965","1769316033862-748017357-1","2026-01-24 05:40:00","1765649478569-891341182","1765737612501-1005852192","1","3l",\N,\N,\N,\N,\N,\N,\N,\N,"morning","active","2026-01-25 18:59:28","2026-01-25 18:59:28"
"966","1769316483767-748017357-1","2026-01-24 16:47:00","1765649478569-891341182","1765737612501-1005852192","1","2.5l",\N,\N,\N,\N,\N,\N,\N,\N,"evening","active","2026-01-25 18:59:28","2026-01-25 18:59:28"
"967","1769355778173-748017357-1","2026-01-25 05:42:00","1765649478569-891341182","1765737612501-1005852192","1","3l",\N,\N,\N,\N,\N,\N,\N,\N,"morning","active","2026-01-25 18:59:28","2026-01-25 18:59:28"
"968","1769356192169-748017357-1","2026-01-25 16:49:00","1765649478569-891341182","1765737612501-1005852192","1","2.5l",\N,\N,\N,\N,\N,\N,\N,\N,"night","active","2026-01-25 18:59:28","2026-01-25 18:59:28"
"969","1769316061912-499777460-1","2026-01-24 05:40:00","1765649478569-891341182","1765737750060-1005852192","1","3l",\N,\N,\N,\N,\N,\N,\N,\N,"morning","active","2026-01-25 18:59:28","2026-01-25 18:59:28"
"970","1769316515346-499777460-1","2026-01-24 16:48:00","1765649478569-891341182","1765737750060-1005852192","1","2.5l",\N,\N,\N,\N,\N,\N,\N,\N,"evening","active","2026-01-25 18:59:28","2026-01-25 18:59:28"
"971","1769355805073-499777460-1","2026-01-25 17:43:00","1765649478569-891341182","1765737750060-1005852192","1","3l",\N,\N,\N,\N,\N,\N,\N,\N,"morning","active","2026-01-25 18:59:28","2026-01-25 18:59:28"
"972","1769356225235-499777460-1","2026-01-25 16:50:00","1765649478569-891341182","1765737750060-1005852192","1","2l",\N,\N,\N,\N,\N,\N,\N,\N,"evening","active","2026-01-25 18:59:28","2026-01-25 18:59:28"
"973","1769316090022-516599508-1","2026-01-24 05:41:00","1765649478569-891341182","1765738128976-1005852192","1","2l",\N,\N,\N,\N,\N,\N,\N,\N,"morning","active","2026-01-25 18:59:28","2026-01-25 18:59:28"
"974","1769316561126-516599508-1","2026-01-24 04:48:00","1765649478569-891341182","1765738128976-1005852192","1","2l",\N,\N,\N,\N,\N,\N,\N,\N,"evening","active","2026-01-25 18:59:28","2026-01-25 18:59:28"
"975","1769355836786-516599508-1","2026-01-25 05:43:00","1765649478569-891341182","1765738128976-1005852192","1","2l",\N,\N,\N,\N,\N,\N,\N,\N,"morning","active","2026-01-25 18:59:28","2026-01-25 18:59:28"
"976","1769356262084-516599508-1","2026-01-25 16:50:00","1765649478569-891341182","1765738128976-1005852192","1","2l",\N,\N,\N,\N,\N,\N,\N,\N,"evening","active","2026-01-25 18:59:28","2026-01-25 18:59:28"
"977","1769316119272-674806673-1","2026-01-24 05:41:00","1765649478569-891341182","1765738301735-1005852192","1","1.5l",\N,\N,\N,\N,\N,\N,\N,\N,"morning","active","2026-01-25 18:59:28","2026-01-25 18:59:28"
"978","1769316596571-674806673-1","2026-01-24 16:49:00","1765649478569-891341182","1765738301735-1005852192","1","1.5l",\N,\N,\N,\N,\N,\N,\N,\N,"evening","active","2026-01-25 18:59:28","2026-01-25 18:59:28"
"979","1769355877490-674806673-1","2026-01-25 05:44:00","1765649478569-891341182","1765738301735-1005852192","1","1.5l",\N,\N,\N,\N,\N,\N,\N,\N,"morning","active","2026-01-25 18:59:28","2026-01-25 18:59:28"
"980","1769356295078-674806673-1","2026-01-25 16:51:00","1765649478569-891341182","1765738301735-1005852192","1","1.5l",\N,\N,\N,\N,\N,\N,\N,\N,"evening","active","2026-01-25 18:59:28","2026-01-25 18:59:28"
"981","1769316145356-526207589-1","2026-01-24 05:42:00","1765649478569-891341182","1765738482933-1005852192","1","2l",\N,\N,\N,\N,\N,\N,\N,\N,"morning","active","2026-01-25 18:59:28","2026-01-25 18:59:28"
"982","1769316629384-526207589-1","2026-01-24 16:50:00","1765649478569-891341182","1765738482933-1005852192","1","2l",\N,\N,\N,\N,\N,\N,\N,\N,"evening","active","2026-01-25 18:59:28","2026-01-25 18:59:28"
"983","1769355905040-526207589-1","2026-01-25 05:44:00","1765649478569-891341182","1765738482933-1005852192","1","2l",\N,\N,\N,\N,\N,\N,\N,\N,"morning","active","2026-01-25 18:59:28","2026-01-25 18:59:28"
"984","1769356329430-526207589-1","2026-01-25 16:51:00","1765649478569-891341182","1765738482933-1005852192","1","1.5l",\N,\N,\N,\N,\N,\N,\N,\N,"evening","active","2026-01-25 18:59:28","2026-01-25 18:59:28"
"985","1769316176704-1072486652-1","2026-01-24 05:42:00","1765649478569-891341182","1765765924324-181506292","1","3l",\N,\N,\N,\N,\N,\N,\N,\N,"morning","active","2026-01-25 18:59:28","2026-01-25 18:59:28"
"986","1769316661872-1072486652-1","2026-01-24 04:50:00","1765649478569-891341182","1765765924324-181506292","1","3l",\N,\N,\N,\N,\N,\N,\N,\N,"evening","active","2026-01-25 18:59:28","2026-01-25 18:59:28"
"987","1769355932964-1072486652-1","2026-01-25 05:45:00","1765649478569-891341182","1765765924324-181506292","1","3.5l",\N,\N,\N,\N,\N,\N,\N,\N,"morning","active","2026-01-25 18:59:28","2026-01-25 18:59:28"
"988","1769356365480-1072486652-1","2026-01-25 16:52:00","1765649478569-891341182","1765765924324-181506292","1","3l",\N,\N,\N,\N,\N,\N,\N,\N,"evening","active","2026-01-25 18:59:28","2026-01-25 18:59:28"
"989","1769442135777-936242801-1","2026-01-26 05:42:00","1765649478569-891341182","1765907213619-1005852192","1","2l",\N,\N,\N,\N,\N,\N,\N,\N,"morning","active","2026-01-26 21:43:48","2026-01-26 21:43:48"
"990","1769442539781-936242801-1","2026-01-26 16:48:00","1765649478569-891341182","1765907213619-1005852192","1","1.5l",\N,\N,\N,\N,\N,\N,\N,\N,"evening","active","2026-01-26 21:43:48","2026-01-26 21:43:48"
"991","1769442171312-820205887-1","2026-01-26 05:42:00","1765649478569-891341182","1765736227116-1005852192","1","2l",\N,\N,\N,\N,\N,\N,\N,\N,"morning","active","2026-01-26 21:43:48","2026-01-26 21:43:48"
"992","1769442208178-279143255-1","2026-01-26 05:43:00","1765649478569-891341182","1765764384562-1005852192","1","4l",\N,\N,\N,\N,\N,\N,\N,\N,"morning","active","2026-01-26 21:43:48","2026-01-26 21:43:48"
"993","1769442573780-279143255-1","2026-01-26 16:49:00","1765649478569-891341182","1765764384562-1005852192","1","3l",\N,\N,\N,\N,\N,\N,\N,\N,"evening","active","2026-01-26 21:43:48","2026-01-26 21:43:48"
"994","1769442231384-178418082-1","2026-01-26 05:43:00","1765649478569-891341182","1765736803268-1005852192","1","1l",\N,\N,\N,\N,\N,\N,\N,\N,"morning","active","2026-01-26 21:43:48","2026-01-26 21:43:48"
"995","1769442609177-178418082-1","2026-01-26 16:49:00","1765649478569-891341182","1765736803268-1005852192","1","1l",\N,\N,\N,\N,\N,\N,\N,\N,"evening","active","2026-01-26 21:43:48","2026-01-26 21:43:48"
"996","1769442265739-517287950-1","2026-01-26 05:44:00","1765649478569-891341182","1765737336206-1005852192","1","2l",\N,\N,\N,\N,\N,\N,\N,\N,"morning","active","2026-01-26 21:43:48","2026-01-26 21:43:48"
"997","1769442295830-304433647-1","2026-01-26 05:44:00","1765649478569-891341182","1765737142511-1005852192","1","2l",\N,\N,\N,\N,\N,\N,\N,\N,"morning","active","2026-01-26 21:43:48","2026-01-26 21:43:48"
"998","1769442650566-304433647-1","2026-01-26 16:50:00","1765649478569-891341182","1765737142511-1005852192","1","2l",\N,\N,\N,\N,\N,\N,\N,\N,"evening","active","2026-01-26 21:43:48","2026-01-26 21:43:48"
"999","1769442325701-105408125-1","2026-01-26 05:45:00","1765649478569-891341182","1765737474297-1005852192","1","2.5l",\N,\N,\N,\N,\N,\N,\N,\N,"morning","active","2026-01-26 21:43:48","2026-01-26 21:43:48"
"1000","1769442683811-105408125-1","2026-01-26 16:51:00","1765649478569-891341182","1765737474297-1005852192","1","2l",\N,\N,\N,\N,\N,\N,\N,\N,"evening","active","2026-01-26 21:43:48","2026-01-26 21:43:48"
"1001","1769442350794-748017357-1","2026-01-26 05:45:00","1765649478569-891341182","1765737612501-1005852192","1","3l",\N,\N,\N,\N,\N,\N,\N,\N,"morning","active","2026-01-26 21:43:48","2026-01-26 21:43:48"
"1002","1769442716517-748017357-1","2026-01-26 16:51:00","1765649478569-891341182","1765737612501-1005852192","1","2l",\N,\N,\N,\N,\N,\N,\N,\N,"evening","active","2026-01-26 21:43:48","2026-01-26 21:43:48"
"1003","1769442373068-499777460-1","2026-01-26 05:46:00","1765649478569-891341182","1765737750060-1005852192","1","3l",\N,\N,\N,\N,\N,\N,\N,\N,"morning","active","2026-01-26 21:43:48","2026-01-26 21:43:48"
"1004","1769442747828-499777460-1","2026-01-26 16:52:00","1765649478569-891341182","1765737750060-1005852192","1","2l",\N,\N,\N,\N,\N,\N,\N,\N,"evening","active","2026-01-26 21:43:48","2026-01-26 21:43:48"
"1005","1769442413156-516599508-1","2026-01-26 05:46:00","1765649478569-891341182","1765738128976-1005852192","1","2l",\N,\N,\N,\N,\N,\N,\N,\N,"morning","active","2026-01-26 21:43:48","2026-01-26 21:43:48"
"1006","1769442786683-516599508-1","2026-01-26 16:52:00","1765649478569-891341182","1765738128976-1005852192","1","2l",\N,\N,\N,\N,\N,\N,\N,\N,"evening","active","2026-01-26 21:43:48","2026-01-26 21:43:48"
"1007","1769442447189-674806673-1","2026-01-26 05:47:00","1765649478569-891341182","1765738301735-1005852192","1","1l",\N,\N,\N,\N,\N,\N,\N,\N,"morning","active","2026-01-26 21:43:48","2026-01-26 21:43:48"
"1008","1769442817251-674806673-1","2026-01-26 16:53:00","1765649478569-891341182","1765738301735-1005852192","1","1l",\N,\N,\N,\N,\N,\N,\N,\N,"evening","active","2026-01-26 21:43:48","2026-01-26 21:43:48"
"1009","1769442474229-526207589-1","2026-01-26 05:47:00","1765649478569-891341182","1765738482933-1005852192","1","2l",\N,\N,\N,\N,\N,\N,\N,\N,"morning","active","2026-01-26 21:43:48","2026-01-26 21:43:48"
"1010","1769442850242-526207589-1","2026-01-26 16:53:00","1765649478569-891341182","1765738482933-1005852192","1","1.5l",\N,\N,\N,\N,\N,\N,\N,\N,"evening","active","2026-01-26 21:43:48","2026-01-26 21:43:48"
"1011","1769442510401-1072486652-1","2026-01-26 05:48:00","1765649478569-891341182","1765765924324-181506292","1","3.5l",\N,\N,\N,\N,\N,\N,\N,\N,"morning","active","2026-01-26 21:43:48","2026-01-26 21:43:48"
"1012","1769442891885-1072486652-1","2026-01-26 16:54:00","1765649478569-891341182","1765765924324-181506292","1","2.5l",\N,\N,\N,\N,\N,\N,\N,\N,"evening","active","2026-01-26 21:43:48","2026-01-26 21:43:48"
"1013","1769525185135-936242801-1","2026-01-27 05:46:00","1765649478569-891341182","1765907213619-1005852192","1","2l",\N,\N,\N,\N,\N,\N,\N,\N,"morning","active","2026-01-27 21:11:10","2026-01-27 21:11:10"
"1014","1769525550124-936242801-1","2026-01-27 16:52:00","1765649478569-891341182","1765907213619-1005852192","1","2l",\N,\N,\N,\N,\N,\N,\N,\N,"evening","active","2026-01-27 21:11:10","2026-01-27 21:11:10"
"1015","1769525216407-820205887-1","2026-01-27 05:46:00","1765649478569-891341182","1765736227116-1005852192","1","2l",\N,\N,\N,\N,\N,\N,\N,\N,"morning","active","2026-01-27 21:11:10","2026-01-27 21:11:10"
"1016","1769525249727-279143255-1","2026-01-27 05:47:00","1765649478569-891341182","1765764384562-1005852192","1","4l",\N,\N,\N,\N,\N,\N,\N,\N,"morning","active","2026-01-27 21:11:10","2026-01-27 21:11:10"
"1017","1769525583444-279143255-1","2026-01-27 16:52:00","1765649478569-891341182","1765764384562-1005852192","1","3l",\N,\N,\N,\N,\N,\N,\N,\N,"evening","active","2026-01-27 21:11:10","2026-01-27 21:11:10"
"1018","1769525275840-178418082-1","2026-01-27 05:47:00","1765649478569-891341182","1765736803268-1005852192","1","1l",\N,\N,\N,\N,\N,\N,\N,\N,"morning","active","2026-01-27 21:11:10","2026-01-27 21:11:10"
"1019","1769525615127-178418082-1","2026-01-27 16:53:00","1765649478569-891341182","1765736803268-1005852192","1","1l",\N,\N,\N,\N,\N,\N,\N,\N,"evening","active","2026-01-27 21:11:10","2026-01-27 21:11:10"
"1020","1769525307934-517287950-1","2026-01-27 05:48:00","1765649478569-891341182","1765737336206-1005852192","1","2l",\N,\N,\N,\N,\N,\N,\N,\N,"morning","active","2026-01-27 21:11:10","2026-01-27 21:11:10"
"1021","1769525657709-517287950-1","2026-01-27 16:53:00","1765649478569-891341182","1765737336206-1005852192","1","1.5l",\N,\N,\N,\N,\N,\N,\N,\N,"evening","active","2026-01-27 21:11:10","2026-01-27 21:11:10"
"1022","1769525334237-304433647-1","2026-01-27 05:48:00","1765649478569-891341182","1765737142511-1005852192","1","2l",\N,\N,\N,\N,\N,\N,\N,\N,"morning","active","2026-01-27 21:11:10","2026-01-27 21:11:10"
"1023","1769525690306-304433647-1","2026-01-27 16:54:00","1765649478569-891341182","1765737142511-1005852192","1","2l",\N,\N,\N,\N,\N,\N,\N,\N,"evening","active","2026-01-27 21:11:10","2026-01-27 21:11:10"
"1024","1769525362790-105408125-1","2026-01-27 05:49:00","1765649478569-891341182","1765737474297-1005852192","1","2.5l",\N,\N,\N,\N,\N,\N,\N,\N,"morning","active","2026-01-27 21:11:10","2026-01-27 21:11:10"
"1025","1769525721261-105408125-1","2026-01-27 16:55:00","1765649478569-891341182","1765737474297-1005852192","1","2l",\N,\N,\N,\N,\N,\N,\N,\N,"evening","active","2026-01-27 21:11:10","2026-01-27 21:11:10"
"1026","1769525390598-748017357-1","2026-01-27 05:49:00","1765649478569-891341182","1765737612501-1005852192","1","2.5l",\N,\N,\N,\N,\N,\N,\N,\N,"morning","active","2026-01-27 21:11:10","2026-01-27 21:11:10"
"1027","1769525748260-748017357-1","2026-01-27 16:55:00","1765649478569-891341182","1765737612501-1005852192","1","2l",\N,\N,\N,\N,\N,\N,\N,\N,"evening","active","2026-01-27 21:11:10","2026-01-27 21:11:10"
"1028","1769525417182-499777460-1","2026-01-27 05:50:00","1765649478569-891341182","1765737750060-1005852192","1","2.5l",\N,\N,\N,\N,\N,\N,\N,\N,"morning","active","2026-01-27 21:11:10","2026-01-27 21:11:10"
"1029","1769525775855-499777460-1","2026-01-27 16:55:00","1765649478569-891341182","1765737750060-1005852192","1","2l",\N,\N,\N,\N,\N,\N,\N,\N,"evening","active","2026-01-27 21:11:10","2026-01-27 21:11:10"
"1030","1769525441375-516599508-1","2026-01-27 05:50:00","1765649478569-891341182","1765738128976-1005852192","1","2l",\N,\N,\N,\N,\N,\N,\N,\N,"morning","active","2026-01-27 21:11:10","2026-01-27 21:11:10"
"1031","1769525818683-516599508-1","2026-01-27 16:56:00","1765649478569-891341182","1765738128976-1005852192","1","2l",\N,\N,\N,\N,\N,\N,\N,\N,"evening","active","2026-01-27 21:11:10","2026-01-27 21:11:10"
"1032","1769525469489-674806673-1","2026-01-27 05:50:00","1765649478569-891341182","1765738301735-1005852192","1","1.5l",\N,\N,\N,\N,\N,\N,\N,\N,"morning","active","2026-01-27 21:11:10","2026-01-27 21:11:10"
"1033","1769525845823-674806673-1","2026-01-27 16:57:00","1765649478569-891341182","1765738301735-1005852192","1","1.5l",\N,\N,\N,\N,\N,\N,\N,\N,"evening","active","2026-01-27 21:11:10","2026-01-27 21:11:10"
"1034","1769525496068-526207589-1","2026-01-27 05:51:00","1765649478569-891341182","1765738482933-1005852192","1","2l",\N,\N,\N,\N,\N,\N,\N,\N,"morning","active","2026-01-27 21:11:10","2026-01-27 21:11:10"
"1035","1769525875814-526207589-1","2026-01-27 16:57:00","1765649478569-891341182","1765738482933-1005852192","1","1.5l",\N,\N,\N,\N,\N,\N,\N,\N,"evening","active","2026-01-27 21:11:10","2026-01-27 21:11:10"
"1036","1769525520428-1072486652-1","2026-01-27 05:51:00","1765649478569-891341182","1765765924324-181506292","1","3l",\N,\N,\N,\N,\N,\N,\N,\N,"morning","active","2026-01-27 21:11:10","2026-01-27 21:11:10"
"1037","1769525905980-1072486652-1","2026-01-27 16:58:00","1765649478569-891341182","1765765924324-181506292","1","2l",\N,\N,\N,\N,\N,\N,\N,\N,"evening","active","2026-01-27 21:11:10","2026-01-27 21:11:10"
"1038","1769619921196-936242801-1","2026-01-28 05:05:00","1765649478569-891341182","1765907213619-1005852192","1","2.5l",\N,\N,\N,\N,\N,\N,\N,\N,"morning","active","2026-01-29 09:22:08","2026-01-29 09:22:08"
"1039","1769620298200-936242801-1","2026-01-28 16:11:00","1765649478569-891341182","1765907213619-1005852192","1","2l",\N,\N,\N,\N,\N,\N,\N,\N,"evening","active","2026-01-29 09:22:08","2026-01-29 09:22:08"
"1040","1769619949513-820205887-1","2026-01-28 05:05:00","1765649478569-891341182","1765736227116-1005852192","1","2.5l",\N,\N,\N,\N,\N,\N,\N,\N,"morning","active","2026-01-29 09:22:08","2026-01-29 09:22:08"
"1041","1769619978248-279143255-1","2026-01-28 05:06:00","1765649478569-891341182","1765764384562-1005852192","1","4.5l",\N,\N,\N,\N,\N,\N,\N,\N,"morning","active","2026-01-29 09:22:08","2026-01-29 09:22:08"
"1042","1769620331304-279143255-1","2026-01-28 16:11:00","1765649478569-891341182","1765764384562-1005852192","1","3.5l",\N,\N,\N,\N,\N,\N,\N,\N,"night","active","2026-01-29 09:22:08","2026-01-29 09:22:08"
"1043","1769620006794-178418082-1","2026-01-28 17:06:00","1765649478569-891341182","1765736803268-1005852192","1","1l",\N,\N,\N,\N,\N,\N,\N,\N,"morning","active","2026-01-29 09:22:08","2026-01-29 09:22:08"
"1044","1769620363564-178418082-1","2026-01-28 16:12:00","1765649478569-891341182","1765736803268-1005852192","1","1l",\N,\N,\N,\N,\N,\N,\N,\N,"night","active","2026-01-29 09:22:08","2026-01-29 09:22:08"
"1045","1769620040805-517287950-1","2026-01-28 05:07:00","1765649478569-891341182","1765737336206-1005852192","1","2.5l",\N,\N,\N,\N,\N,\N,\N,\N,"morning","active","2026-01-29 09:22:08","2026-01-29 09:22:08"
"1046","1769620399528-517287950-1","2026-01-28 16:13:00","1765649478569-891341182","1765737336206-1005852192","1","2l",\N,\N,\N,\N,\N,\N,\N,\N,"evening","active","2026-01-29 09:22:08","2026-01-29 09:22:08"
"1047","1769620076487-304433647-1","2026-01-28 05:07:00","1765649478569-891341182","1765737142511-1005852192","1","2.5l",\N,\N,\N,\N,\N,\N,\N,\N,"morning","active","2026-01-29 09:22:08","2026-01-29 09:22:08"
"1048","1769620434354-304433647-1","2026-01-28 16:13:00","1765649478569-891341182","1765737142511-1005852192","1","2l",\N,\N,\N,\N,\N,\N,\N,\N,"evening","active","2026-01-29 09:22:08","2026-01-29 09:22:08"
"1049","1769620104864-105408125-1","2026-01-28 05:08:00","1765649478569-891341182","1765737474297-1005852192","1","2.5l",\N,\N,\N,\N,\N,\N,\N,\N,"morning","active","2026-01-29 09:22:08","2026-01-29 09:22:08"
"1050","1769620461237-105408125-1","2026-01-28 16:14:00","1765649478569-891341182","1765737474297-1005852192","1","2l",\N,\N,\N,\N,\N,\N,\N,\N,"night","active","2026-01-29 09:22:08","2026-01-29 09:22:08"
"1051","1769620128981-748017357-1","2026-01-28 05:08:00","1765649478569-891341182","1765737612501-1005852192","1","2.5l",\N,\N,\N,\N,\N,\N,\N,\N,"morning","active","2026-01-29 09:22:08","2026-01-29 09:22:08"
"1052","1769620487965-748017357-1","2026-01-28 16:14:00","1765649478569-891341182","1765737612501-1005852192","1","2l",\N,\N,\N,\N,\N,\N,\N,\N,"evening","active","2026-01-29 09:22:08","2026-01-29 09:22:08"
"1053","1769620156348-499777460-1","2026-01-28 05:08:00","1765649478569-891341182","1765737750060-1005852192","1","3l",\N,\N,\N,\N,\N,\N,\N,\N,"morning","active","2026-01-29 09:22:08","2026-01-29 09:22:08"
"1054","1769620522821-499777460-1","2026-01-28 16:15:00","1765649478569-891341182","1765737750060-1005852192","1","2.5l",\N,\N,\N,\N,\N,\N,\N,\N,"night","active","2026-01-29 09:22:08","2026-01-29 09:22:08"
"1055","1769620185280-516599508-1","2026-01-28 05:09:00","1765649478569-891341182","1765738128976-1005852192","1","2.5l",\N,\N,\N,\N,\N,\N,\N,\N,"morning","active","2026-01-29 09:22:08","2026-01-29 09:22:08"
"1056","1769620558783-516599508-1","2026-01-28 16:15:00","1765649478569-891341182","1765738128976-1005852192","1","2l",\N,\N,\N,\N,\N,\N,\N,\N,"evening","active","2026-01-29 09:22:08","2026-01-29 09:22:08"
"1057","1769620213649-674806673-1","2026-01-28 05:09:00","1765649478569-891341182","1765738301735-1005852192","1","1.5l",\N,\N,\N,\N,\N,\N,\N,\N,"morning","active","2026-01-29 09:22:08","2026-01-29 09:22:08"
"1058","1769620591128-674806673-1","2026-01-28 16:16:00","1765649478569-891341182","1765738301735-1005852192","1","1l",\N,\N,\N,\N,\N,\N,\N,\N,"evening","active","2026-01-29 09:22:08","2026-01-29 09:22:08"
"1059","1769620240291-526207589-1","2026-01-28 05:10:00","1765649478569-891341182","1765738482933-1005852192","1","2.5l",\N,\N,\N,\N,\N,\N,\N,\N,"morning","active","2026-01-29 09:22:08","2026-01-29 09:22:08"
"1060","1769620626263-526207589-1","2026-01-28 16:16:00","1765649478569-891341182","1765738482933-1005852192","1","1.5l",\N,\N,\N,\N,\N,\N,\N,\N,"evening","active","2026-01-29 09:22:08","2026-01-29 09:22:08"
"1061","1769620271252-1072486652-1","2026-01-28 05:10:00","1765649478569-891341182","1765765924324-181506292","1","3.5l",\N,\N,\N,\N,\N,\N,\N,\N,"morning","active","2026-01-29 09:22:08","2026-01-29 09:22:08"
"1062","1769620663083-1072486652-1","2026-01-28 16:17:00","1765649478569-891341182","1765765924324-181506292","1","2.5l",\N,\N,\N,\N,\N,\N,\N,\N,"evening","active","2026-01-29 09:22:08","2026-01-29 09:22:08"
